d,n_walkers,n_steps,dt,D,omega,obs_noise,substeps,seed,correlation_length,drift_scale,resolution,n_features,backend,burn_in_tau,measure,n_eval,dt_actual,n_transitions,sim_seconds,config_key,estimator_name,estimator,label,supported_fraction,rms_true,rmse,nrmse,scale_ratio,cosine,nrmse_grad,nrmse_rot,rms_rot_true,nrmse_perp,param_bins,param_min_count,status,fit_seconds,use_support,scored_on_support,n_scored,param_bandwidth,param_local_linear,param_basis,param_degree,param_n_basis,diag_n_basis,diag_gram_cond,diag_truncated,diag_bound_mse,diag_resid_var,param_arch,param_best_step,diag_best_step,diag_stopped_at,diag_refit_steps,diag_n_params,diag_fit_seconds,param_grid,diag_grid,param_bandwidth_density,diag_bandwidth,diag_bandwidth_density,diag_bandwidth_silverman,param_hidden,param_epochs,param_lr,param_sigma_min,param_sigma_max,param_sigma_eval,diag_sigma_eval,diag_final_val_loss
2,16,4000,,0.3,0.0,0.0,1,0,0.45,1.0,128,512,auto,8.0,stationary,20000,0.001051221661005,64000,0.383350133895874,cfe52eac6c056955,binned_km,binned_km,Binned Kramers-Moyal,1.0,1.0503638445147698,0.8170041148414429,0.777829624570588,1.080081248308351,0.6180055492770938,0.566317541602956,0.5332010567622741,0.0,1.2090702177441535e-16,5.0,8.0,ok,0.0278735160827636,,,,,,,,,,,,,,,,,,,,,,,,,,,,,,,,,,
2,16,4000,,0.3,0.0,0.0,1,1,0.45,1.0,128,512,auto,8.0,stationary,20000,0.000786838586912,64000,0.3633491992950439,2bd95bc0e8d9b524,binned_km,binned_km,Binned Kramers-Moyal,1.0,0.9574818499722884,1.0292396874660623,1.074944331838615,1.3765595870258265,0.6071958425750149,0.7688602606808165,0.7512384548848611,0.0,1.713606612768995e-16,5.0,8.0,ok,0.0288481712341308,,,,,,,,,,,,,,,,,,,,,,,,,,,,,,,,,,
2,16,4000,,0.3,0.0,0.0,1,2,0.45,1.0,128,512,auto,8.0,stationary,20000,0.0012114606432668,64000,0.3552310466766357,e419b6fb5b0f58d6,binned_km,binned_km,Binned Kramers-Moyal,1.0,0.8455177103888598,0.7379621825973747,0.8727932881003526,1.0805602225569215,0.5417506278652318,0.6783310388864668,0.5492131876022569,0.0,1.3597280955530642e-16,5.0,8.0,ok,0.023799180984497,,,,,,,,,,,,,,,,,,,,,,,,,,,,,,,,,,
2,32,4000,,0.3,0.0,0.0,1,0,0.45,1.0,128,512,auto,8.0,stationary,20000,0.001051221661005,128000,0.4074697494506836,5289cac1558e9b2c,binned_km,binned_km,Binned Kramers-Moyal,1.0,1.0503638445147698,0.7532949230975738,0.7171752217400142,1.0366068256501233,0.6978372843953573,0.4817497357402749,0.5312791081832728,0.0,1.125828546026977e-16,6.0,8.0,ok,0.0367355346679687,,,,,,,,,,,,,,,,,,,,,,,,,,,,,,,,,,
2,32,4000,,0.3,0.0,0.0,1,1,0.45,1.0,128,512,auto,8.0,stationary,20000,0.000786838586912,128000,0.410513162612915,a03bec3005f0fd38,binned_km,binned_km,Binned Kramers-Moyal,1.0,0.9574818499722884,0.7631235010241895,0.7970109313782563,1.0993565401854697,0.6896127826297741,0.5586833616560833,0.5684182668995548,0.0,1.2497527247117946e-16,6.0,8.0,ok,0.0380401611328125,,,,,,,,,,,,,,,,,,,,,,,,,,,,,,,,,,
2,32,4000,,0.3,0.0,0.0,1,2,0.45,1.0,128,512,auto,8.0,stationary,20000,0.0012114606432668,128000,0.3924248218536377,a51be0c04e55c78f,binned_km,binned_km,Binned Kramers-Moyal,1.0,0.8455177103888598,0.7101786280790106,0.8399334743117257,1.1551983363544522,0.5878320946153803,0.6230208339579432,0.5633234255059126,0.0,1.2935272209626735e-16,6.0,8.0,ok,0.0387086868286132,,,,,,,,,,,,,,,,,,,,,,,,,,,,,,,,,,
2,64,4000,,0.3,0.0,0.0,1,0,0.45,1.0,128,512,auto,8.0,stationary,20000,0.001051221661005,256000,0.4514367580413818,ef60b3f3d62b97b0,binned_km,binned_km,Binned Kramers-Moyal,1.0,1.0503638445147698,0.6920792123899433,0.6588947401456482,1.077526529248281,0.7487590683213483,0.4801122489184442,0.4512588027175483,0.0,1.0350432994553886e-16,8.0,8.0,ok,0.0514800548553466,,,,,,,,,,,,,,,,,,,,,,,,,,,,,,,,,,
2,64,4000,,0.3,0.0,0.0,1,1,0.45,1.0,128,512,auto,8.0,stationary,20000,0.000786838586912,256000,0.4627492427825928,407f66806b983eb8,binned_km,binned_km,Binned Kramers-Moyal,1.0,0.9574818499722884,0.7083379945401931,0.7397926076203887,1.0983192633631302,0.6911332986026443,0.5410378840585071,0.504550404125562,0.0,1.156867264847741e-16,8.0,8.0,ok,0.0515117645263671,,,,,,,,,,,,,,,,,,,,,,,,,,,,,,,,,,
2,64,4000,,0.3,0.0,0.0,1,2,0.45,1.0,128,512,auto,8.0,stationary,20000,0.0012114606432668,256000,0.4631431102752685,40bdf6aab4638135,binned_km,binned_km,Binned Kramers-Moyal,1.0,0.8455177103888598,0.56676489183728,0.6703169961710449,1.0620905311296984,0.7229532101928448,0.4928378858319205,0.4543519490928758,0.0,1.0639520936065655e-16,8.0,8.0,ok,0.0531291961669921,,,,,,,,,,,,,,,,,,,,,,,,,,,,,,,,,,
2,128,4000,,0.3,0.0,0.0,1,0,0.45,1.0,128,512,auto,8.0,stationary,20000,0.001051221661005,512000,0.5747032165527344,5f284ab68316b74b,binned_km,binned_km,Binned Kramers-Moyal,1.0,1.0503638445147698,0.5314634127700124,0.5059802996318188,1.0298772089387571,0.8267096671001748,0.3591601833428868,0.3563986901162925,0.0,8.041412255711465e-17,9.0,8.0,ok,0.1178369522094726,,,,,,,,,,,,,,,,,,,,,,,,,,,,,,,,,,
2,128,4000,,0.3,0.0,0.0,1,1,0.45,1.0,128,512,auto,8.0,stationary,20000,0.000786838586912,512000,0.5745377540588379,4ff62334996f24a2,binned_km,binned_km,Binned Kramers-Moyal,1.0,0.9574818499722884,0.6025575307923177,0.6293148332887532,1.1353008923193495,0.7673554926249617,0.4770816098054796,0.4104026035281248,0.0,9.811865532898995e-17,9.0,8.0,ok,0.0904572010040283,,,,,,,,,,,,,,,,,,,,,,,,,,,,,,,,,,
2,128,4000,,0.3,0.0,0.0,1,2,0.45,1.0,128,512,auto,8.0,stationary,20000,0.0012114606432668,512000,0.5636482238769531,2ff6cc6fa4330e5d,binned_km,binned_km,Binned Kramers-Moyal,1.0,0.8455177103888598,0.4877884860453815,0.5769110215574834,1.0702623521976775,0.792025145259791,0.4218588257729698,0.3935244057386406,0.0,9.079624513174441e-17,9.0,8.0,ok,0.0871298313140869,,,,,,,,,,,,,,,,,,,,,,,,,,,,,,,,,,
2,256,4000,,0.3,0.0,0.0,1,0,0.45,1.0,128,512,auto,8.0,stationary,20000,0.001051221661005,1024000,0.7949481010437012,b71b495b791128e8,binned_km,binned_km,Binned Kramers-Moyal,1.0,1.0503638445147698,0.4681697505279086,0.4457215020992903,1.080384658824323,0.8840440809462591,0.3202813505837076,0.309979860477941,0.0,7.073957749935457e-17,11.0,8.0,ok,0.1535959243774414,,,,,,,,,,,,,,,,,,,,,,,,,,,,,,,,,,
2,256,4000,,0.3,0.0,0.0,1,1,0.45,1.0,128,512,auto,8.0,stationary,20000,0.000786838586912,1024000,0.7971618175506592,7fd990d103ad270e,binned_km,binned_km,Binned Kramers-Moyal,1.0,0.9574818499722884,0.4918259453146632,0.5136660766247398,1.1073895949998949,0.8551792592669436,0.3614107002894607,0.3650138956140364,0.0,8.083773341435297e-17,11.0,8.0,ok,0.1550335884094238,,,,,,,,,,,,,,,,,,,,,,,,,,,,,,,,,,
2,256,4000,,0.3,0.0,0.0,1,2,0.45,1.0,128,512,auto,8.0,stationary,20000,0.0012114606432668,1024000,0.7847752571105957,340a0d0d70848ad6,binned_km,binned_km,Binned Kramers-Moyal,1.0,0.8455177103888598,0.387535221542482,0.4583407500290581,1.0553906985721488,0.8803472905377722,0.3285597061412638,0.3195696522474653,0.0,7.307533539198131e-17,11.0,8.0,ok,0.156214952468872,,,,,,,,,,,,,,,,,,,,,,,,,,,,,,,,,,
2,512,4000,,0.3,0.0,0.0,1,0,0.45,1.0,128,512,auto,8.0,stationary,20000,0.001051221661005,2048000,1.223656177520752,6e17b95b1f12eea4,binned_km,binned_km,Binned Kramers-Moyal,1.0,1.0503638445147698,0.3799122064734699,0.3616958147002628,1.0203623315237536,0.9178004302836182,0.2530238262401298,0.258462387450266,0.0,5.63984493719897e-17,13.0,8.0,ok,0.2869772911071777,,,,,,,,,,,,,,,,,,,,,,,,,,,,,,,,,,
2,512,4000,,0.3,0.0,0.0,1,1,0.45,1.0,128,512,auto,8.0,stationary,20000,0.000786838586912,2048000,1.250467300415039,b26225765e70099c,binned_km,binned_km,Binned Kramers-Moyal,1.0,0.9574818499722884,0.3882215828980766,0.4054610360596523,1.029458853182793,0.8859102412150273,0.2929350196611663,0.2803350246021333,0.0,6.362934611627001e-17,13.0,8.0,ok,0.2953188419342041,,,,,,,,,,,,,,,,,,,,,,,,,,,,,,,,,,
2,512,4000,,0.3,0.0,0.0,1,2,0.45,1.0,128,512,auto,8.0,stationary,20000,0.0012114606432668,2048000,1.308182716369629,e91635b922e3a569,binned_km,binned_km,Binned Kramers-Moyal,1.0,0.8455177103888598,0.3495792100094924,0.4134498966895895,1.032743171884077,0.8737017816177515,0.3023397579607594,0.2820132759798051,0.0,6.513664126954617e-17,13.0,8.0,ok,0.301732063293457,,,,,,,,,,,,,,,,,,,,,,,,,,,,,,,,,,
2,1024,4000,,0.3,0.0,0.0,1,0,0.45,1.0,128,512,auto,8.0,stationary,20000,0.001051221661005,4096000,2.138042449951172,f7bd8f543b48a5c0,binned_km,binned_km,Binned Kramers-Moyal,1.0,1.0503638445147698,0.3132673764015509,0.2982465343199899,1.0032065592672117,0.9310685132967832,0.2032861237459847,0.2182332401954778,0.0,4.725179252285364e-17,15.0,8.0,ok,0.5610535144805908,,,,,,,,,,,,,,,,,,,,,,,,,,,,,,,,,,
2,1024,4000,,0.3,0.0,0.0,1,1,0.45,1.0,128,512,auto,8.0,stationary,20000,0.000786838586912,4096000,2.1781251430511475,f0201352443e6d1e,binned_km,binned_km,Binned Kramers-Moyal,1.0,0.9574818499722884,0.3230379025384383,0.3373827948256018,1.0199406749701403,0.8994721936799914,0.2439658953395038,0.2330403230248542,0.0,5.277043842482113e-17,15.0,8.0,ok,0.5596108436584473,,,,,,,,,,,,,,,,,,,,,,,,,,,,,,,,,,
2,1024,4000,,0.3,0.0,0.0,1,2,0.45,1.0,128,512,auto,8.0,stationary,20000,0.0012114606432668,4096000,2.24733567237854,e3ceb0e0f65a5553,binned_km,binned_km,Binned Kramers-Moyal,1.0,0.8455177103888598,0.2888592660288495,0.341635973415626,1.0363877150691825,0.9078734546712416,0.249706795527623,0.2331558590277505,0.0,5.321050584235478e-17,15.0,8.0,ok,0.590857982635498,,,,,,,,,,,,,,,,,,,,,,,,,,,,,,,,,,
2,16,1000,,0.3,0.0,0.0,1,0,0.45,1.0,128,512,auto,8.0,stationary,20000,0.001051221661005,16000,0.1912646293640136,77225a4be0816b18,binned_km,binned_km,Binned Kramers-Moyal,1.0,1.0503638445147698,1.1369186949645946,1.0824046361666324,1.14260138358488,0.4762813967646875,0.8270359526348728,0.6982917223083402,0.0,1.6942747697585447e-16,4.0,8.0,ok,0.0400097370147705,True,True,20000.0,,,,,,,,,,,,,,,,,,,,,,,,,,,,,,,
2,16,1000,,0.3,0.0,0.0,1,0,0.45,1.0,128,512,auto,8.0,stationary,20000,0.001051221661005,16000,0.1912646293640136,77225a4be0816b18,kernel_nw,kernel,"Kernel, Nadaraya-Watson",1.0,1.0503638445147698,0.8338686424071237,0.7938855157303524,0.4752661273903282,0.6235438952846364,0.7512739245447564,0.2565963803048809,0.0,1.2147258891320483e-16,,,ok,0.4305105209350586,True,True,20000.0,0.3941456187144613,False,,,,,,,,,,,,,,,,,,,,,,,,,,,,,
2,16,1000,,0.3,0.0,0.0,1,0,0.45,1.0,128,512,auto,8.0,stationary,20000,0.001051221661005,16000,0.1912646293640136,77225a4be0816b18,kernel_ll,kernel,"Kernel, local-linear",1.0,1.0503638445147698,0.78147284597992,0.7440020427787404,0.4918738330502562,0.6919310756438986,0.7015611242193259,0.2476913979997167,0.0,1.1444710331733755e-16,,,ok,2.596269369125366,True,True,20000.0,0.4932000581712096,True,,,,,,,,,,,,,,,,,,,,,,,,,,,,,
2,32,1000,,0.3,0.0,0.0,1,0,0.45,1.0,128,512,auto,8.0,stationary,20000,0.001051221661005,32000,0.2865931987762451,32849708a548a39e,binned_km,binned_km,Binned Kramers-Moyal,1.0,1.0503638445147698,0.9877527537137848,0.9403910453240047,1.1364399897887778,0.5643269039190127,0.6769130090168177,0.6527818137397612,0.0,1.4826476102951086e-16,5.0,8.0,ok,0.0515859127044677,True,True,20000.0,,,,,,,,,,,,,,,,,,,,,,,,,,,,,,,
2,32,1000,,0.3,0.0,0.0,1,0,0.45,1.0,128,512,auto,8.0,stationary,20000,0.001051221661005,32000,0.2865931987762451,32849708a548a39e,kernel_nw,kernel,"Kernel, Nadaraya-Watson",1.0,1.0503638445147698,0.6918723989830912,0.6586978432247077,0.5328824948995416,0.7850896833863306,0.6155386723302712,0.2345101096643145,0.0,1.0003205723639755e-16,,,ok,0.4702968597412109,True,True,20000.0,0.2777411807201022,False,,,,,,,,,,,,,,,,,,,,,,,,,,,,,
2,32,1000,,0.3,0.0,0.0,1,0,0.45,1.0,128,512,auto,8.0,stationary,20000,0.001051221661005,32000,0.2865931987762451,32849708a548a39e,kernel_ll,kernel,"Kernel, local-linear",1.0,1.0503638445147698,0.6326496548900747,0.6023147675864033,0.6348509404189642,0.7623253628982176,0.5266730886482526,0.2922302806801051,0.0,9.237801806942907e-17,,,ok,2.453071355819702,True,True,20000.0,0.3192361795536766,True,,,,,,,,,,,,,,,,,,,,,,,,,,,,,
2,64,1000,,0.3,0.0,0.0,1,0,0.45,1.0,128,512,auto,8.0,stationary,20000,0.001051221661005,64000,0.2634310722351074,a4df12144bb1a674,binned_km,binned_km,Binned Kramers-Moyal,1.0,1.0503638445147698,0.9542185305167884,0.9084647529519666,1.1951748867290646,0.5886912687079476,0.6270031543860852,0.65740037400809,0.0,1.4223357328651128e-16,5.0,8.0,ok,0.0587177276611328,True,True,20000.0,,,,,,,,,,,,,,,,,,,,,,,,,,,,,,,
2,64,1000,,0.3,0.0,0.0,1,0,0.45,1.0,128,512,auto,8.0,stationary,20000,0.001051221661005,64000,0.2634310722351074,a4df12144bb1a674,kernel_nw,kernel,"Kernel, Nadaraya-Watson",1.0,1.0503638445147698,0.517596985806226,0.49277875329509,0.8723030205609708,0.8368101679843463,0.3539325324586787,0.3428741200009844,0.0,7.746990331203531e-17,,,ok,0.582634449005127,True,True,20000.0,0.1652878941480574,False,,,,,,,,,,,,,,,,,,,,,,,,,,,,,
2,64,1000,,0.3,0.0,0.0,1,0,0.45,1.0,128,512,auto,8.0,stationary,20000,0.001051221661005,64000,0.2634310722351074,a4df12144bb1a674,kernel_ll,kernel,"Kernel, local-linear",1.0,1.0503638445147698,0.4738275388591482,0.4511080054150563,0.884241151009583,0.836995152202896,0.329646316553863,0.307947623033562,0.0,7.059684460176554e-17,,,ok,2.880793571472168,True,True,20000.0,0.2030702764450206,True,,,,,,,,,,,,,,,,,,,,,,,,,,,,,
2,128,1000,,0.3,0.0,0.0,1,0,0.45,1.0,128,512,auto,8.0,stationary,20000,0.001051221661005,128000,0.3364520072937011,456451b0df7254be,binned_km,binned_km,Binned Kramers-Moyal,1.0,1.0503638445147698,0.696261395859879,0.6628763923053032,1.1198764459512054,0.7548411717354727,0.4717623453603206,0.4656666199931273,0.0,1.0441917939923763e-16,6.0,8.0,ok,0.1397798061370849,True,True,20000.0,,,,,,,,,,,,,,,,,,,,,,,,,,,,,,,
2,128,1000,,0.3,0.0,0.0,1,0,0.45,1.0,128,512,auto,8.0,stationary,20000,0.001051221661005,128000,0.3364520072937011,456451b0df7254be,kernel_nw,kernel,"Kernel, Nadaraya-Watson",1.0,1.0503638445147698,0.3879344269845157,0.3693333781530983,0.879355545222584,0.9232917718140718,0.2880169274162651,0.2311998999560195,0.0,5.694679345749159e-17,,,ok,0.7682311534881592,True,True,20000.0,0.1469615925736235,False,,,,,,,,,,,,,,,,,,,,,,,,,,,,,
2,128,1000,,0.3,0.0,0.0,1,0,0.45,1.0,128,512,auto,8.0,stationary,20000,0.001051221661005,128000,0.3364520072937011,456451b0df7254be,kernel_ll,kernel,"Kernel, local-linear",1.0,1.0503638445147698,0.3187431742237854,0.30345977338075,0.9074867378766792,0.93978090855244,0.2279922154391371,0.2002682794639486,0.0,4.733437492723983e-17,,,ok,3.021658182144165,True,True,20000.0,0.178694916755059,True,,,,,,,,,,,,,,,,,,,,,,,,,,,,,
2,256,1000,,0.3,0.0,0.0,1,0,0.45,1.0,128,512,auto,8.0,stationary,20000,0.001051221661005,256000,0.3763241767883301,13a14cc67e2d4b43,binned_km,binned_km,Binned Kramers-Moyal,1.0,1.0503638445147698,0.6069399691741899,0.5778378343311829,1.1017881781172068,0.7839449163263718,0.43390220940868,0.3816090086132893,0.0,9.016252603449572e-17,8.0,8.0,ok,0.0868818759918212,True,True,20000.0,,,,,,,,,,,,,,,,,,,,,,,,,,,,,,,
2,256,1000,,0.3,0.0,0.0,1,0,0.45,1.0,128,512,auto,8.0,stationary,20000,0.001051221661005,256000,0.3763241767883301,13a14cc67e2d4b43,kernel_nw,kernel,"Kernel, Nadaraya-Watson",1.0,1.0503638445147698,0.3597880441445856,0.3425365848448399,0.9101243454254854,0.9486585389897972,0.2944371728881672,0.1750373193887227,0.0,5.324426834293309e-17,,,ok,1.2201387882232666,True,True,20000.0,0.1355422464008406,False,,,,,,,,,,,,,,,,,,,,,,,,,,,,,
2,256,1000,,0.3,0.0,0.0,1,0,0.45,1.0,128,512,auto,8.0,stationary,20000,0.001051221661005,256000,0.3763241767883301,13a14cc67e2d4b43,kernel_ll,kernel,"Kernel, local-linear",1.0,1.0503638445147698,0.290108774634857,0.276198363214679,0.9479176344744014,0.9510039854178428,0.2261702365750085,0.1585325201025722,0.0,4.333376340393162e-17,,,ok,3.583749532699585,True,True,20000.0,0.1680471798588933,True,,,,,,,,,,,,,,,,,,,,,,,,,,,,,
2,512,1000,,0.3,0.0,0.0,1,0,0.45,1.0,128,512,auto,8.0,stationary,20000,0.001051221661005,512000,0.6576554775238037,2de7650c6befe062,binned_km,binned_km,Binned Kramers-Moyal,1.0,1.0503638445147698,0.490732338182284,0.4672022373437507,1.083830398100045,0.8583376698302917,0.3169001871858474,0.3432960849479371,0.0,7.40067364867224e-17,9.0,8.0,ok,0.1499741077423095,True,True,20000.0,,,,,,,,,,,,,,,,,,,,,,,,,,,,,,,
2,512,1000,,0.3,0.0,0.0,1,0,0.45,1.0,128,512,auto,8.0,stationary,20000,0.001051221661005,512000,0.6576554775238037,2de7650c6befe062,kernel_nw,kernel,"Kernel, Nadaraya-Watson",1.0,1.0503638445147698,0.254884418145276,0.2426629776684891,0.923172533142283,0.9637859120641944,0.1904096992289361,0.1504309382091455,0.0,3.7630052440559106e-17,,,ok,3.6500473022460938,True,True,20000.0,0.1120885641218109,False,,,,,,,,,,,,,,,,,,,,,,,,,,,,,
2,512,1000,,0.3,0.0,0.0,1,0,0.45,1.0,128,512,auto,8.0,stationary,20000,0.001051221661005,512000,0.6576554775238037,2de7650c6befe062,kernel_ll,kernel,"Kernel, local-linear",1.0,1.0503638445147698,0.2030017206380679,0.1932680010818988,0.9393237496892946,0.968672278401414,0.142538339676552,0.130519507984227,0.0,2.9809988735235414e-17,,,ok,13.630046844482422,True,True,20000.0,0.1420535312593615,True,,,,,,,,,,,,,,,,,,,,,,,,,,,,,
2,16,4000,,0.3,0.0,0.0,1,0,0.45,1.0,128,512,auto,8.0,stationary,20000,0.001051221661005,64000,0.6271557807922363,cfe52eac6c056955,kernel_nw,kernel,"Kernel, Nadaraya-Watson",1.0,1.0503638445147698,0.5267920171418659,0.5015328925237567,0.7013656588791463,0.8552637992760079,0.4404198448560794,0.2399283279235549,0.0,7.614447504596633e-17,,,ok,0.5469260215759277,True,True,20000.0,0.210416856525718,False,,,,,,,,,,,,,,,,,,,,,,,,,,,,,
2,16,4000,,0.3,0.0,0.0,1,0,0.45,1.0,128,512,auto,8.0,stationary,20000,0.001051221661005,64000,0.6271557807922363,cfe52eac6c056955,kernel_ll,kernel,"Kernel, local-linear",1.0,1.0503638445147698,0.4896555518511598,0.4661770817876571,0.7248044610887047,0.8545980376161185,0.4077509155425426,0.2259651797473986,0.0,7.149108370071595e-17,,,ok,2.59244155883789,True,True,20000.0,0.2676029299923225,True,,,,,,,,,,,,,,,,,,,,,,,,,,,,,
2,16,4000,,0.3,0.0,0.0,1,1,0.45,1.0,128,512,auto,8.0,stationary,20000,0.000786838586912,64000,0.5432891845703125,2bd95bc0e8d9b524,kernel_nw,kernel,"Kernel, Nadaraya-Watson",1.0,0.9574818499722884,0.5366180257693007,0.560447204074763,0.8138681128525971,0.8350618413330564,0.4612014009368051,0.3184247734224638,0.0,8.762621861834265e-17,,,ok,0.4736838340759277,True,True,20000.0,0.1854796781798562,False,,,,,,,,,,,,,,,,,,,,,,,,,,,,,
2,16,4000,,0.3,0.0,0.0,1,1,0.45,1.0,128,512,auto,8.0,stationary,20000,0.000786838586912,64000,0.5432891845703125,2bd95bc0e8d9b524,kernel_ll,kernel,"Kernel, local-linear",1.0,0.9574818499722884,0.4896929224718704,0.5114383342995412,0.8797428211588673,0.8589885792769549,0.425306065990834,0.2840491507160154,0.0,7.904906321149554e-17,,,ok,2.352705478668213,True,True,20000.0,0.2235261691909324,True,,,,,,,,,,,,,,,,,,,,,,,,,,,,,
2,16,4000,,0.3,0.0,0.0,1,2,0.45,1.0,128,512,auto,8.0,stationary,20000,0.0012114606432668,64000,0.5353758335113525,e419b6fb5b0f58d6,kernel_nw,kernel,"Kernel, Nadaraya-Watson",1.0,0.8455177103888598,0.5236726117925937,0.6193514403758058,0.6296723137444756,0.6670434876544804,0.5580753796815576,0.2686039413129867,0.0,9.608451842167107e-17,,,ok,0.4979114532470703,True,True,20000.0,0.2262691299009923,False,,,,,,,,,,,,,,,,,,,,,,,,,,,,,
2,16,4000,,0.3,0.0,0.0,1,2,0.45,1.0,128,512,auto,8.0,stationary,20000,0.0012114606432668,64000,0.5353758335113525,e419b6fb5b0f58d6,kernel_ll,kernel,"Kernel, local-linear",1.0,0.8455177103888598,0.4828261313125184,0.5710420082040187,0.6924436530877213,0.7038928583139689,0.5079430037346581,0.2609269631346897,0.0,8.777866177896337e-17,,,ok,2.3760602474212646,True,True,20000.0,0.2501294481747826,True,,,,,,,,,,,,,,,,,,,,,,,,,,,,,
2,32,4000,,0.3,0.0,0.0,1,0,0.45,1.0,128,512,auto,8.0,stationary,20000,0.001051221661005,128000,0.5711140632629395,5289cac1558e9b2c,kernel_nw,kernel,"Kernel, Nadaraya-Watson",1.0,1.0503638445147698,0.4722445866640572,0.4496009541172061,0.8152522636487988,0.8806768969911641,0.3755277977767021,0.2472243738794426,0.0,6.930933271003309e-17,,,ok,0.8295176029205322,True,True,20000.0,0.1528210408634372,False,,,,,,,,,,,,,,,,,,,,,,,,,,,,,
2,32,4000,,0.3,0.0,0.0,1,0,0.45,1.0,128,512,auto,8.0,stationary,20000,0.001051221661005,128000,0.5711140632629395,5289cac1558e9b2c,kernel_ll,kernel,"Kernel, local-linear",1.0,1.0503638445147698,0.4039812247757093,0.3846107488232652,0.8398105467346176,0.8963853508203721,0.3140469259432973,0.2220359349653967,0.0,5.950852327009405e-17,,,ok,2.745066404342652,True,True,20000.0,0.1859188126376706,True,,,,,,,,,,,,,,,,,,,,,,,,,,,,,
2,32,4000,,0.3,0.0,0.0,1,1,0.45,1.0,128,512,auto,8.0,stationary,20000,0.000786838586912,128000,0.579566478729248,a03bec3005f0fd38,kernel_nw,kernel,"Kernel, Nadaraya-Watson",1.0,0.9574818499722884,0.4718865200385571,0.4928412168358225,0.7178014583925589,0.8328760970273554,0.4257877334455616,0.2481879752516337,0.0,7.611816772502598e-17,,,ok,0.682426929473877,True,True,20000.0,0.18507959697313,False,,,,,,,,,,,,,,,,,,,,,,,,,,,,,
2,32,4000,,0.3,0.0,0.0,1,1,0.45,1.0,128,512,auto,8.0,stationary,20000,0.000786838586912,128000,0.579566478729248,a03bec3005f0fd38,kernel_ll,kernel,"Kernel, local-linear",1.0,0.9574818499722884,0.4402768498300209,0.4598278806462634,0.7882010729724801,0.8397091891100752,0.388741774987018,0.2456043814747142,0.0,7.128917479787374e-17,,,ok,2.53581976890564,True,True,20000.0,0.2130146737932231,True,,,,,,,,,,,,,,,,,,,,,,,,,,,,,
2,32,4000,,0.3,0.0,0.0,1,2,0.45,1.0,128,512,auto,8.0,stationary,20000,0.0012114606432668,128000,0.550753116607666,a51be0c04e55c78f,kernel_nw,kernel,"Kernel, Nadaraya-Watson",1.0,0.8455177103888598,0.4330854698323799,0.5122133629030677,0.8603220469123526,0.8338735603917269,0.4127994550457819,0.3032476530006047,0.0,8.015701625748576e-17,,,ok,0.6202611923217773,True,True,20000.0,0.1255234155701612,False,,,,,,,,,,,,,,,,,,,,,,,,,,,,,
2,32,4000,,0.3,0.0,0.0,1,2,0.45,1.0,128,512,auto,8.0,stationary,20000,0.0012114606432668,128000,0.550753116607666,a51be0c04e55c78f,kernel_ll,kernel,"Kernel, local-linear",1.0,0.8455177103888598,0.4014476857803144,0.4747951235648106,0.8982745556268203,0.8597132926107531,0.3884594803813392,0.2730011748377353,0.0,7.462045204392088e-17,,,ok,2.654543161392212,True,True,20000.0,0.1462867382072252,True,,,,,,,,,,,,,,,,,,,,,,,,,,,,,
2,64,4000,,0.3,0.0,0.0,1,0,0.45,1.0,128,512,auto,8.0,stationary,20000,0.001051221661005,256000,0.6877477169036865,ef60b3f3d62b97b0,kernel_nw,kernel,"Kernel, Nadaraya-Watson",1.0,1.0503638445147698,0.4190442272307449,0.3989514961116434,0.9081590786111732,0.908378254948611,0.2913981068895349,0.2724875034766068,0.0,6.188858875475723e-17,,,ok,1.1803574562072754,True,True,20000.0,0.1120214784491316,False,,,,,,,,,,,,,,,,,,,,,,,,,,,,,
2,64,4000,,0.3,0.0,0.0,1,0,0.45,1.0,128,512,auto,8.0,stationary,20000,0.001051221661005,256000,0.6877477169036865,ef60b3f3d62b97b0,kernel_ll,kernel,"Kernel, local-linear",1.0,1.0503638445147698,0.3699251577824954,0.3521876345176251,0.9131198411936629,0.9179640734355694,0.2611602175965593,0.2362868397775003,0.0,5.514112375273271e-17,,,ok,3.01379132270813,True,True,20000.0,0.1365930742605646,True,,,,,,,,,,,,,,,,,,,,,,,,,,,,,
2,64,4000,,0.3,0.0,0.0,1,1,0.45,1.0,128,512,auto,8.0,stationary,20000,0.000786838586912,256000,0.690481424331665,407f66806b983eb8,kernel_nw,kernel,"Kernel, Nadaraya-Watson",1.0,0.9574818499722884,0.4053068274246541,0.4233049717197089,0.7234395510757947,0.9205011620388758,0.3829230489470158,0.1804356884536563,0.0,6.499192256701024e-17,,,ok,1.0801324844360352,True,True,20000.0,0.1543421851092654,False,,,,,,,,,,,,,,,,,,,,,,,,,,,,,
2,64,4000,,0.3,0.0,0.0,1,1,0.45,1.0,128,512,auto,8.0,stationary,20000,0.000786838586912,256000,0.690481424331665,407f66806b983eb8,kernel_ll,kernel,"Kernel, local-linear",1.0,0.9574818499722884,0.3614512861509722,0.3775019716158936,0.7708963470415581,0.9348557656846528,0.3371725235166002,0.1697716936339349,0.0,5.830389834987021e-17,,,ok,3.0025434494018555,True,True,20000.0,0.176544341642885,True,,,,,,,,,,,,,,,,,,,,,,,,,,,,,
2,64,4000,,0.3,0.0,0.0,1,2,0.45,1.0,128,512,auto,8.0,stationary,20000,0.0012114606432668,256000,0.6746056079864502,40bdf6aab4638135,kernel_nw,kernel,"Kernel, Nadaraya-Watson",1.0,0.8455177103888598,0.3498546066402207,0.4137756103054542,0.7438920079687874,0.9143441596913292,0.3733435674434212,0.1783951690272769,0.0,6.475507089288272e-17,,,ok,1.1073930263519287,True,True,20000.0,0.1453239841869877,False,,,,,,,,,,,,,,,,,,,,,,,,,,,,,
2,64,4000,,0.3,0.0,0.0,1,2,0.45,1.0,128,512,auto,8.0,stationary,20000,0.0012114606432668,256000,0.6746056079864502,40bdf6aab4638135,kernel_ll,kernel,"Kernel, local-linear",1.0,0.8455177103888598,0.297478578392992,0.3518300973922585,0.7967177248450745,0.9281637705948536,0.3059359296722768,0.1737458614373471,0.0,5.5101090328771636e-17,,,ok,2.9919302463531494,True,True,20000.0,0.1617474737079346,True,,,,,,,,,,,,,,,,,,,,,,,,,,,,,
2,128,4000,,0.3,0.0,0.0,1,0,0.45,1.0,128,512,auto,8.0,stationary,20000,0.001051221661005,512000,0.8199362754821777,5f284ab68316b74b,kernel_nw,kernel,"Kernel, Nadaraya-Watson",1.0,1.0503638445147698,0.2971655952334315,0.2829168166681435,0.8579846642434387,0.9527700831135888,0.2384738112657893,0.1522240667371774,0.0,4.317477268915945e-17,,,ok,2.977339029312134,True,True,20000.0,0.1156270742288539,False,,,,,,,,,,,,,,,,,,,,,,,,,,,,,
2,128,4000,,0.3,0.0,0.0,1,0,0.45,1.0,128,512,auto,8.0,stationary,20000,0.001051221661005,512000,0.8199362754821777,5f284ab68316b74b,kernel_ll,kernel,"Kernel, local-linear",1.0,1.0503638445147698,0.2454068970997537,0.2336398938151977,0.8746173648484274,0.9587831384736624,0.1972153761803656,0.1252744801626163,0.0,3.623936940718081e-17,,,ok,11.575708627700806,True,True,20000.0,0.1408836048213458,True,,,,,,,,,,,,,,,,,,,,,,,,,,,,,
2,128,4000,,0.3,0.0,0.0,1,1,0.45,1.0,128,512,auto,8.0,stationary,20000,0.000786838586912,512000,0.8457574844360352,4ff62334996f24a2,kernel_nw,kernel,"Kernel, Nadaraya-Watson",1.0,0.9574818499722884,0.3106383411897168,0.3244326158231692,0.9334466913870344,0.9355672183357088,0.2485515297256855,0.2085153694116712,0.0,5.069002689128034e-17,,,ok,1.8233642578125,True,True,20000.0,0.113894861068695,False,,,,,,,,,,,,,,,,,,,,,,,,,,,,,
2,128,4000,,0.3,0.0,0.0,1,1,0.45,1.0,128,512,auto,8.0,stationary,20000,0.000786838586912,512000,0.8457574844360352,4ff62334996f24a2,kernel_ll,kernel,"Kernel, local-linear",1.0,0.9574818499722884,0.2793223394751123,0.2917259888353983,0.9530500728197444,0.9427099053837078,0.2233506524570977,0.1876660294485383,0.0,4.55374588298073e-17,,,ok,3.735056400299072,True,True,20000.0,0.1417790320275797,True,,,,,,,,,,,,,,,,,,,,,,,,,,,,,
2,128,4000,,0.3,0.0,0.0,1,2,0.45,1.0,128,512,auto,8.0,stationary,20000,0.0012114606432668,512000,0.8167107105255127,2ff6cc6fa4330e5d,kernel_nw,kernel,"Kernel, Nadaraya-Watson",1.0,0.8455177103888598,0.2785460049528615,0.3294384038682716,0.8586449189805326,0.937971588734381,0.2673059179542774,0.1925544291100455,0.0,5.104445892148826e-17,,,ok,2.9162023067474365,True,True,20000.0,0.1187106415888308,False,,,,,,,,,,,,,,,,,,,,,,,,,,,,,
2,128,4000,,0.3,0.0,0.0,1,2,0.45,1.0,128,512,auto,8.0,stationary,20000,0.0012114606432668,512000,0.8167107105255127,2ff6cc6fa4330e5d,kernel_ll,kernel,"Kernel, local-linear",1.0,0.8455177103888598,0.2479024442656593,0.2931960397986781,0.8945350526522095,0.9441361594352108,0.2360566864459106,0.1738998520350292,0.0,4.597157788915178e-17,,,ok,11.660503387451172,True,True,20000.0,0.1366259898766473,True,,,,,,,,,,,,,,,,,,,,,,,,,,,,,
2,256,4000,,0.3,0.0,0.0,1,0,0.45,1.0,128,512,auto,8.0,stationary,20000,0.001051221661005,1024000,1.131497859954834,b71b495b791128e8,kernel_nw,kernel,"Kernel, Nadaraya-Watson",1.0,1.0503638445147698,0.2600488590665349,0.2475797890650626,0.9718410777933432,0.972532197650524,0.1966979639396876,0.1503517972472634,0.0,3.921642495264645e-17,,,ok,4.607930421829224,True,True,20000.0,0.0917879294478022,False,,,,,,,,,,,,,,,,,,,,,,,,,,,,,
2,256,4000,,0.3,0.0,0.0,1,0,0.45,1.0,128,512,auto,8.0,stationary,20000,0.001051221661005,1024000,1.131497859954834,b71b495b791128e8,kernel_ll,kernel,"Kernel, local-linear",1.0,1.0503638445147698,0.2046194657833624,0.194808177044488,0.9841228825808142,0.9793768760903891,0.1514948592878195,0.1224725824532183,0.0,3.049846633316463e-17,,,ok,13.297650575637816,True,True,20000.0,0.112431147875824,True,,,,,,,,,,,,,,,,,,,,,,,,,,,,,
2,256,4000,,0.3,0.0,0.0,1,1,0.45,1.0,128,512,auto,8.0,stationary,20000,0.000786838586912,1024000,1.1761128902435305,7fd990d103ad270e,kernel_nw,kernel,"Kernel, Nadaraya-Watson",1.0,0.9574818499722884,0.2549378333209576,0.2662586589274106,0.9080264725604104,0.952729058033169,0.1969782365226356,0.1791458841007958,0.0,4.1606576667611056e-17,,,ok,4.7270941734313965,True,True,20000.0,0.1104162188656809,False,,,,,,,,,,,,,,,,,,,,,,,,,,,,,
2,256,4000,,0.3,0.0,0.0,1,1,0.45,1.0,128,512,auto,8.0,stationary,20000,0.000786838586912,1024000,1.1761128902435305,7fd990d103ad270e,kernel_ll,kernel,"Kernel, local-linear",1.0,0.9574818499722884,0.2299118272006942,0.2401213424644533,0.9290387092039076,0.9589348561654748,0.1794953712626942,0.1594981843225773,0.0,3.732690032190444e-17,,,ok,14.493277311325071,True,True,20000.0,0.1361771450258165,True,,,,,,,,,,,,,,,,,,,,,,,,,,,,,
2,256,4000,,0.3,0.0,0.0,1,2,0.45,1.0,128,512,auto,8.0,stationary,20000,0.0012114606432668,1024000,1.4280078411102295,340a0d0d70848ad6,kernel_nw,kernel,"Kernel, Nadaraya-Watson",1.0,0.8455177103888598,0.2097267144889413,0.2480453240801857,0.89269367599605,0.961214250731453,0.2002926076545864,0.1463193566038693,0.0,3.836811998133112e-17,,,ok,5.472619295120239,True,True,20000.0,0.1053877960146346,False,,,,,,,,,,,,,,,,,,,,,,,,,,,,,
2,256,4000,,0.3,0.0,0.0,1,2,0.45,1.0,128,512,auto,8.0,stationary,20000,0.0012114606432668,1024000,1.4280078411102295,340a0d0d70848ad6,kernel_ll,kernel,"Kernel, local-linear",1.0,0.8455177103888598,0.196147896993175,0.2319855569943829,0.9186205151848836,0.963389934983548,0.1850503064499005,0.139905978202477,0.0,3.637597962706724e-17,,,ok,14.928028345108032,True,True,20000.0,0.1256218950953707,True,,,,,,,,,,,,,,,,,,,,,,,,,,,,,
2,512,4000,,0.3,0.0,0.0,1,0,0.45,1.0,128,512,auto,8.0,stationary,20000,0.001051221661005,2048000,1.688486099243164,6e17b95b1f12eea4,kernel_nw,kernel,"Kernel, Nadaraya-Watson",1.0,1.0503638445147698,0.1921015223279144,0.1828904558464295,0.9229331944827224,0.9738159502628732,0.1433411647946672,0.1135879805042014,0.0,2.857407971629214e-17,,,ok,9.70750617980957,True,True,20000.0,0.0823189056366223,False,,,,,,,,,,,,,,,,,,,,,,,,,,,,,
2,512,4000,,0.3,0.0,0.0,1,0,0.45,1.0,128,512,auto,8.0,stationary,20000,0.001051221661005,2048000,1.688486099243164,6e17b95b1f12eea4,kernel_ll,kernel,"Kernel, local-linear",1.0,1.0503638445147698,0.1684622567782853,0.1603846682823596,0.929758013626634,0.9775173798858005,0.1226328056866948,0.1033655493356073,0.0,2.4890013748356827e-17,,,ok,22.869712114334103,True,True,20000.0,0.1006711722934464,True,,,,,,,,,,,,,,,,,,,,,,,,,,,,,
2,512,4000,,0.3,0.0,0.0,1,1,0.45,1.0,128,512,auto,8.0,stationary,20000,0.000786838586912,2048000,2.193774461746216,b26225765e70099c,kernel_nw,kernel,"Kernel, Nadaraya-Watson",1.0,0.9574818499722884,0.1835419698778383,0.1916923750389111,0.8948160872109683,0.9848975263207206,0.1630179142108095,0.1008520019355874,0.0,2.982546815444568e-17,,,ok,9.711035251617432,True,True,20000.0,0.0944423468430823,False,,,,,,,,,,,,,,,,,,,,,,,,,,,,,
2,512,4000,,0.3,0.0,0.0,1,1,0.45,1.0,128,512,auto,8.0,stationary,20000,0.000786838586912,2048000,2.193774461746216,b26225765e70099c,kernel_ll,kernel,"Kernel, local-linear",1.0,0.9574818499722884,0.1576482692983428,0.1646488330853535,0.9076684934415596,0.987123131930297,0.1372306163817964,0.0909779982404583,0.0,2.582405558866749e-17,,,ok,21.559802770614624,True,True,20000.0,0.114759168908364,True,,,,,,,,,,,,,,,,,,,,,,,,,,,,,
2,512,4000,,0.3,0.0,0.0,1,2,0.45,1.0,128,512,auto,8.0,stationary,20000,0.0012114606432668,2048000,2.055975914001465,e91635b922e3a569,kernel_nw,kernel,"Kernel, Nadaraya-Watson",1.0,0.8455177103888598,0.189050941359483,0.2235919354930332,0.9264205470120372,0.9655234413060224,0.1724400033487607,0.1423298944796913,0.0,3.507324237131969e-17,,,ok,10.14887285232544,True,True,20000.0,0.0790877624703216,False,,,,,,,,,,,,,,,,,,,,,,,,,,,,,
2,512,4000,,0.3,0.0,0.0,1,2,0.45,1.0,128,512,auto,8.0,stationary,20000,0.0012114606432668,2048000,2.055975914001465,e91635b922e3a569,kernel_ll,kernel,"Kernel, local-linear",1.0,0.8455177103888598,0.1666134818781804,0.1970549875313122,0.948248191157469,0.970654237440167,0.1497090789352609,0.1281321965601208,0.0,3.107763162838462e-17,,,ok,14.379246950149536,True,True,20000.0,0.0913654142283859,True,,,,,,,,,,,,,,,,,,,,,,,,,,,,,
2,1024,4000,,0.3,0.0,0.0,1,0,0.45,1.0,128,512,auto,8.0,stationary,20000,0.001051221661005,4096000,2.135992765426636,f7bd8f543b48a5c0,kernel_nw,kernel,"Kernel, Nadaraya-Watson",1.0,1.0503638445147698,0.1525806694092885,0.1452645863679507,0.9291028314925914,0.9827650551007387,0.1160819865590171,0.0873313944075324,0.0,2.2659162985000042e-17,,,ok,10.7891366481781,True,True,20000.0,0.074864507249288,False,,,,,,,,,,,,,,,,,,,,,,,,,,,,,
2,1024,4000,,0.3,0.0,0.0,1,0,0.45,1.0,128,512,auto,8.0,stationary,20000,0.001051221661005,4096000,2.135992765426636,f7bd8f543b48a5c0,kernel_ll,kernel,"Kernel, local-linear",1.0,1.0503638445147698,0.1388729544344945,0.1322141419468306,0.932953820914207,0.9845149635981376,0.1033512597855218,0.0824566336414618,0.0,2.05818933086772e-17,,,ok,17.338970184326172,True,True,20000.0,0.0925144234202431,True,,,,,,,,,,,,,,,,,,,,,,,,,,,,,
2,1024,4000,,0.3,0.0,0.0,1,1,0.45,1.0,128,512,auto,8.0,stationary,20000,0.000786838586912,4096000,2.0218825340271,f0201352443e6d1e,kernel_nw,kernel,"Kernel, Nadaraya-Watson",1.0,0.9574818499722884,0.1540158499502649,0.1608551117232378,0.9198616998577828,0.986507607185012,0.1318386776567602,0.0921570943618136,0.0,2.455176170106845e-17,,,ok,10.091448307037354,True,True,20000.0,0.0825244313169891,False,,,,,,,,,,,,,,,,,,,,,,,,,,,,,
2,1024,4000,,0.3,0.0,0.0,1,1,0.45,1.0,128,512,auto,8.0,stationary,20000,0.000786838586912,4096000,2.0218825340271,f0201352443e6d1e,kernel_ll,kernel,"Kernel, local-linear",1.0,0.9574818499722884,0.1334512910873576,0.1393773585277047,0.9283754717535042,0.9895562767585516,0.1129629578744475,0.0816420125818573,0.0,2.1591773578736745e-17,,,ok,17.476541996002197,True,True,20000.0,0.100400033161671,True,,,,,,,,,,,,,,,,,,,,,,,,,,,,,
2,1024,4000,,0.3,0.0,0.0,1,2,0.45,1.0,128,512,auto,8.0,stationary,20000,0.0012114606432668,4096000,1.9999792575836184,e3ceb0e0f65a5553,kernel_nw,kernel,"Kernel, Nadaraya-Watson",1.0,0.8455177103888598,0.138615980390318,0.1639421370920398,0.9435005021766328,0.9714873825079652,0.1256960981733102,0.1052497753836593,0.0,2.595119602271088e-17,,,ok,10.10143780708313,True,True,20000.0,0.0765910468014676,False,,,,,,,,,,,,,,,,,,,,,,,,,,,,,
2,1024,4000,,0.3,0.0,0.0,1,2,0.45,1.0,128,512,auto,8.0,stationary,20000,0.0012114606432668,4096000,1.9999792575836184,e3ceb0e0f65a5553,kernel_ll,kernel,"Kernel, local-linear",1.0,0.8455177103888598,0.1236282241272491,0.1462160077881651,0.9586321944989206,0.9762825866775302,0.1076707818310549,0.0989248385057975,0.0,2.290894197183429e-17,,,ok,17.590877056121826,True,True,20000.0,0.092877868878356,True,,,,,,,,,,,,,,,,,,,,,,,,,,,,,
2,16,4000,,0.3,0.0,0.0,1,0,0.45,1.0,128,512,auto,8.0,stationary,20000,0.001051221661005,64000,0.0194952487945556,cfe52eac6c056955,sfi,sfi,Basis projection (SFI),1.0,1.0503638445147698,0.5811802005134608,0.5533132195557864,0.8987530610566682,0.8180037128197589,0.4165546520957335,0.3641946467928824,0.0,8.527943293944094e-17,,,ok,6.865933418273926,True,True,20000.0,,,fourier,1.0,5.0,5.0,4.781398113106328,0.0,0.0893801746220803,572.0331175813142,,,,,,,,,,,,,,,,,,,,,
2,16,4000,,0.3,0.0,0.0,1,1,0.45,1.0,128,512,auto,8.0,stationary,20000,0.000786838586912,64000,0.0112133026123046,2bd95bc0e8d9b524,sfi,sfi,Basis projection (SFI),1.0,0.9574818499722884,0.5425774880314223,0.5666713035313679,1.1226604060275769,0.8287754446273871,0.390236980316762,0.4108910627394986,0.0,8.898719785149261e-17,,,ok,9.24115252494812,True,True,20000.0,,,fourier,2.0,9.0,9.0,7.364464048416347,0.0,0.2138163908950679,760.2360565157973,,,,,,,,,,,,,,,,,,,,,
2,16,4000,,0.3,0.0,0.0,1,2,0.45,1.0,128,512,auto,8.0,stationary,20000,0.0012114606432668,64000,0.0429468154907226,e419b6fb5b0f58d6,sfi,sfi,Basis projection (SFI),1.0,0.8455177103888598,0.5194084401471664,0.6143081732827176,0.924503643106267,0.7246741118556101,0.459661726369845,0.4075360463476123,0.0,9.667199942690892e-17,,,ok,6.071714162826538,True,True,20000.0,,,fourier,2.0,9.0,9.0,7.45379994208675,0.0,0.1393199334719577,495.35976345585,,,,,,,,,,,,,,,,,,,,,
2,32,4000,,0.3,0.0,0.0,1,0,0.45,1.0,128,512,auto,8.0,stationary,20000,0.001051221661005,128000,0.0472514629364013,5289cac1558e9b2c,sfi,sfi,Basis projection (SFI),1.0,1.0503638445147698,0.4489788437771986,0.4274507791960515,1.0225099057927316,0.8921315733118473,0.2980245246973553,0.306423809966241,0.0,6.679863991588574e-17,,,ok,2.280817747116089,True,True,20000.0,,,fourier,4.0,13.0,13.0,12.032226792093988,0.0,0.11627126462315,572.4123796832002,,,,,,,,,,,,,,,,,,,,,
2,32,4000,,0.3,0.0,0.0,1,1,0.45,1.0,128,512,auto,8.0,stationary,20000,0.000786838586912,128000,0.01591157913208,a03bec3005f0fd38,sfi,sfi,Basis projection (SFI),1.0,0.9574818499722884,0.4668222171684447,0.4875520274164523,0.9477598173969118,0.8200332818255034,0.3625771005634203,0.3259521829730804,0.0,7.691805632184656e-17,,,ok,2.188225030899048,True,True,20000.0,,,fourier,2.0,9.0,9.0,7.387451526552724,0.0,0.1069633861699191,760.6285238749804,,,,,,,,,,,,,,,,,,,,,
2,32,4000,,0.3,0.0,0.0,1,2,0.45,1.0,128,512,auto,8.0,stationary,20000,0.0012114606432668,128000,0.0311918258666992,a51be0c04e55c78f,sfi,sfi,Basis projection (SFI),1.0,0.8455177103888598,0.4350762064410768,0.5145678216970548,1.073730497050748,0.8442793618386717,0.3799684290375086,0.3469928472761648,0.0,8.115726322398318e-17,,,ok,2.2886245250701904,True,True,20000.0,,,fourier,5.0,21.0,21.0,12.260355064962626,0.0,0.1624730982654073,495.1561089993368,,,,,,,,,,,,,,,,,,,,,
2,64,4000,,0.3,0.0,0.0,1,0,0.45,1.0,128,512,auto,8.0,stationary,20000,0.001051221661005,256000,0.0309855937957763,ef60b3f3d62b97b0,sfi,sfi,Basis projection (SFI),1.0,1.0503638445147698,0.3429045248518951,0.3264626125914536,0.9950385932626586,0.935019669819505,0.216262898349532,0.2445571430514707,0.0,5.230450463615643e-17,,,ok,2.6007683277130127,True,True,20000.0,,,fourier,4.0,13.0,13.0,16.174582450449954,0.0,0.0580634329022928,571.7014931918064,,,,,,,,,,,,,,,,,,,,,
2,64,4000,,0.3,0.0,0.0,1,1,0.45,1.0,128,512,auto,8.0,stationary,20000,0.000786838586912,256000,0.0383408069610595,407f66806b983eb8,sfi,sfi,Basis projection (SFI),1.0,0.9574818499722884,0.3930057372315398,0.4104576366047192,0.8614477365384298,0.8850415500852534,0.337499977922022,0.2336005915013195,0.0,6.275461188131094e-17,,,ok,2.494983196258545,True,True,20000.0,,,fourier,2.0,9.0,9.0,6.429458668223275,0.0,0.0535036739278177,760.941140306741,,,,,,,,,,,,,,,,,,,,,
2,64,4000,,0.3,0.0,0.0,1,2,0.45,1.0,128,512,auto,8.0,stationary,20000,0.0012114606432668,256000,0.0387523174285888,40bdf6aab4638135,sfi,sfi,Basis projection (SFI),1.0,0.8455177103888598,0.2980663671814402,0.3525252795052127,0.977224535826495,0.8741288694095961,0.27046767516419,0.2261002197732378,0.0,5.5158966032138226e-17,,,ok,2.535966157913208,True,True,20000.0,,,fourier,5.0,21.0,21.0,15.979245955106926,0.0,0.0811741314090392,494.77565811223946,,,,,,,,,,,,,,,,,,,,,
2,128,4000,,0.3,0.0,0.0,1,0,0.45,1.0,128,512,auto,8.0,stationary,20000,0.001051221661005,512000,0.0283389091491699,5f284ab68316b74b,sfi,sfi,Basis projection (SFI),1.0,1.0503638445147698,0.2063896271165144,0.1964934609986113,0.9977893219818024,0.9642373361251144,0.1331872566180426,0.1444674180906285,0.0,3.1110999964542243e-17,,,ok,3.2209792137146,True,True,20000.0,,,fourier,5.0,21.0,21.0,22.56722118779034,0.0,0.0468493163706542,571.115475756547,,,,,,,,,,,,,,,,,,,,,
2,128,4000,,0.3,0.0,0.0,1,1,0.45,1.0,128,512,auto,8.0,stationary,20000,0.000786838586912,512000,0.026261568069458,4ff62334996f24a2,sfi,sfi,Basis projection (SFI),1.0,0.9574818499722884,0.2684573779167145,0.2803785553997542,1.0889309766167208,0.9596245393083572,0.2179779086465886,0.1763455859104858,0.0,4.390350262162172e-17,,,ok,3.127276659011841,True,True,20000.0,,,fourier,5.0,21.0,21.0,13.94180812073676,0.0,0.0624021328893968,760.7117152231236,,,,,,,,,,,,,,,,,,,,,
2,128,4000,,0.3,0.0,0.0,1,2,0.45,1.0,128,512,auto,8.0,stationary,20000,0.0012114606432668,512000,0.0515604019165039,2ff6cc6fa4330e5d,sfi,sfi,Basis projection (SFI),1.0,0.8455177103888598,0.2271124807544365,0.2686075974091492,1.014979641416872,0.9579540144377248,0.1893078537221038,0.1905585944140177,0.0,4.2400364704390207e-17,,,ok,3.1502065658569336,True,True,20000.0,,,fourier,5.0,21.0,21.0,15.479604790071493,0.0,0.0406446271260933,495.4773592514243,,,,,,,,,,,,,,,,,,,,,
2,256,4000,,0.3,0.0,0.0,1,0,0.45,1.0,128,512,auto,8.0,stationary,20000,0.001051221661005,1024000,0.0420570373535156,b71b495b791128e8,sfi,sfi,Basis projection (SFI),1.0,1.0503638445147698,0.213729223016426,0.2034811309743446,1.0707076340189754,0.9824067282659013,0.1620725117769093,0.1230328069618911,0.0,3.202699516179851e-17,,,ok,4.673289299011231,True,True,20000.0,,,fourier,9.0,29.0,29.0,31.06570429487225,0.0,0.0323073279676556,570.3914454979209,,,,,,,,,,,,,,,,,,,,,
2,256,4000,,0.3,0.0,0.0,1,1,0.45,1.0,128,512,auto,8.0,stationary,20000,0.000786838586912,1024000,0.0426831245422363,7fd990d103ad270e,sfi,sfi,Basis projection (SFI),1.0,0.9574818499722884,0.2089469758973054,0.2182255213541152,1.053133412679272,0.9765846560147916,0.1620041405496592,0.1462088800827148,0.0,3.4270005710947e-17,,,ok,4.773798942565918,True,True,20000.0,,,fourier,5.0,21.0,21.0,16.343477343493998,0.0,0.0312164849885371,761.0876340062401,,,,,,,,,,,,,,,,,,,,,
2,256,4000,,0.3,0.0,0.0,1,2,0.45,1.0,128,512,auto,8.0,stationary,20000,0.0012114606432668,1024000,0.0469281673431396,340a0d0d70848ad6,sfi,sfi,Basis projection (SFI),1.0,0.8455177103888598,0.150986702133612,0.1785730804670811,1.0231161631163177,0.9758123856677244,0.1410164265248278,0.1095568916940894,0.0,2.786328057925309e-17,,,ok,4.7709808349609375,True,True,20000.0,,,fourier,5.0,21.0,21.0,18.64116723918364,0.0,0.0203015049090273,494.970024448668,,,,,,,,,,,,,,,,,,,,,
2,512,4000,,0.3,0.0,0.0,1,0,0.45,1.0,128,512,auto,8.0,stationary,20000,0.001051221661005,2048000,0.0487842559814453,6e17b95b1f12eea4,sfi,sfi,Basis projection (SFI),1.0,1.0503638445147698,0.12061521409358,0.1148318411029274,0.9963903826982978,0.9885233042121392,0.0774391796727062,0.0847910678238356,0.0,1.8289327511679586e-17,,,ok,7.648603677749634,True,True,20000.0,,,fourier,5.0,21.0,21.0,23.06850114887728,0.0,0.0116991481611667,570.4727484302246,,,,,,,,,,,,,,,,,,,,,
2,512,4000,,0.3,0.0,0.0,1,1,0.45,1.0,128,512,auto,8.0,stationary,20000,0.000786838586912,2048000,0.0623314380645751,b26225765e70099c,sfi,sfi,Basis projection (SFI),1.0,0.9574818499722884,0.116692864835134,0.121874753906313,1.0021365192944396,0.9877049666191988,0.0832737122214405,0.0889884514562708,0.0,1.907752410439728e-17,,,ok,7.689450979232788,True,True,20000.0,,,fourier,5.0,21.0,21.0,11.962091042052217,0.0,0.015638237531665,762.5502491630981,,,,,,,,,,,,,,,,,,,,,
2,512,4000,,0.3,0.0,0.0,1,2,0.45,1.0,128,512,auto,8.0,stationary,20000,0.0012114606432668,2048000,0.0546238422393798,e91635b922e3a569,sfi,sfi,Basis projection (SFI),1.0,0.8455177103888598,0.1346128842592301,0.1592076459253829,1.0020081600920834,0.9798797639423428,0.1209698102979673,0.103505456462816,0.0,2.482246432128737e-17,,,ok,7.730217218399048,True,True,20000.0,,,fourier,9.0,29.0,29.0,20.639346415796137,0.0,0.0140275841913395,495.3188348941963,,,,,,,,,,,,,,,,,,,,,
2,1024,4000,,0.3,0.0,0.0,1,0,0.45,1.0,128,512,auto,8.0,stationary,20000,0.001051221661005,4096000,0.0879075527191162,f7bd8f543b48a5c0,sfi,sfi,Basis projection (SFI),1.0,1.0503638445147698,0.0937332304452756,0.0892388203714085,0.9976444922057232,0.9919431097185158,0.0598943211676895,0.0661531356259261,0.0,1.4105200293272096e-17,,,ok,14.922486782073976,True,True,20000.0,,,fourier,9.0,29.0,29.0,23.427991142525865,0.0,0.0080725763720663,570.090910689373,,,,,,,,,,,,,,,,,,,,,
2,1024,4000,,0.3,0.0,0.0,1,1,0.45,1.0,128,512,auto,8.0,stationary,20000,0.000786838586912,4096000,0.0676183700561523,f0201352443e6d1e,sfi,sfi,Basis projection (SFI),1.0,0.9574818499722884,0.0927030432997891,0.0968196350692936,1.0041404442580832,0.993447662248359,0.0688822867006436,0.068038755969238,0.0,1.479259915540959e-17,,,ok,15.211446285247805,True,True,20000.0,,,fourier,9.0,29.0,29.0,14.51926403616298,0.0,0.0107950602745264,762.3546014562094,,,,,,,,,,,,,,,,,,,,,
2,1024,4000,,0.3,0.0,0.0,1,2,0.45,1.0,128,512,auto,8.0,stationary,20000,0.0012114606432668,4096000,0.0579938888549804,e3ceb0e0f65a5553,sfi,sfi,Basis projection (SFI),1.0,0.8455177103888598,0.0953809717777096,0.1128077751722589,1.0176533353937811,0.9873836787287468,0.0799308572051134,0.0796030916847497,0.0,1.7715979221503514e-17,,,ok,15.319424867630005,True,True,20000.0,,,fourier,5.0,21.0,21.0,19.364979681030867,0.0,0.0050791792159664,495.3409063952068,,,,,,,,,,,,,,,,,,,,,
2,16,4000,,0.3,0.0,0.0,1,0,0.45,1.0,128,512,auto,8.0,stationary,20000,0.001051221661005,64000,0.0157980918884277,cfe52eac6c056955,nn_mlp,nn,"Neural network, MLP",1.0,1.0503638445147698,0.4933578130062069,0.4697018234039848,0.7604468790778408,0.8393510087635425,0.4011670675858786,0.2443047007193581,0.0,7.185191075441946e-17,,,ok,38.20170021057129,True,True,20000.0,,,,,,,,,,,mlp,300.0,300.0,1400.0,369.0,33922.0,38.13760018348694,,,,,,,,,,,,,,
2,16,4000,,0.3,0.0,0.0,1,0,0.45,1.0,128,512,auto,8.0,stationary,20000,0.001051221661005,64000,0.0157980918884277,cfe52eac6c056955,nn_cnn,nn,"Neural network, CNN",1.0,1.0503638445147698,0.7283095177600313,0.6933878403787632,0.7720155636936783,0.4933127518879975,0.624339190152393,0.3016409667551463,0.0,1.0566215429620651e-16,,,ok,58.01893305778504,True,True,20000.0,,,,,,,,,,,cnn,50.0,50.0,375.0,50.0,37570.0,57.9772367477417,16.0,16.0,,,,,,,,,,,,
2,16,4000,,0.3,0.0,0.0,1,1,0.45,1.0,128,512,auto,8.0,stationary,20000,0.000786838586912,64000,0.0135324001312255,2bd95bc0e8d9b524,nn_mlp,nn,"Neural network, MLP",1.0,0.9574818499722884,0.5928528147481853,0.6191791674853614,0.5243139674156337,0.8248614621301398,0.5870016456710231,0.1970073841950493,0.0,9.619487848538338e-17,,,ok,39.279765605926514,True,True,20000.0,,,,,,,,,,,mlp,200.0,200.0,1300.0,246.0,33922.0,39.22641968727112,,,,,,,,,,,,,,
2,16,4000,,0.3,0.0,0.0,1,1,0.45,1.0,128,512,auto,8.0,stationary,20000,0.000786838586912,64000,0.0135324001312255,2bd95bc0e8d9b524,nn_cnn,nn,"Neural network, CNN",1.0,0.9574818499722884,0.7801842927149754,0.8148293283445065,1.2593122811748636,0.6482844466747401,0.7252928586783725,0.3713449925345893,0.0,1.2644347403739286e-16,,,ok,65.37881755828857,True,True,20000.0,,,,,,,,,,,cnn,75.0,75.0,400.0,75.0,37570.0,65.34695720672607,16.0,16.0,,,,,,,,,,,,
2,16,4000,,0.3,0.0,0.0,1,2,0.45,1.0,128,512,auto,8.0,stationary,20000,0.0012114606432668,64000,0.0302338600158691,e419b6fb5b0f58d6,nn_mlp,nn,"Neural network, MLP",1.0,0.8455177103888598,0.4526386386986175,0.5353390391910842,0.8093919733341307,0.7147334836443726,0.4481368112295752,0.2928502779630252,0.0,8.390724779624189e-17,,,ok,37.96793532371521,True,True,20000.0,,,,,,,,,,,mlp,400.0,400.0,1500.0,492.0,33922.0,37.91224718093872,,,,,,,,,,,,,,
2,16,4000,,0.3,0.0,0.0,1,2,0.45,1.0,128,512,auto,8.0,stationary,20000,0.0012114606432668,64000,0.0302338600158691,e419b6fb5b0f58d6,nn_cnn,nn,"Neural network, CNN",1.0,0.8455177103888598,0.6503341098457075,0.7691549234925121,0.6218619109640774,0.5852033197154585,0.6843884757966927,0.3510152568328789,0.0,1.1926801536795374e-16,,,ok,60.978880405426025,True,True,20000.0,,,,,,,,,,,cnn,50.0,50.0,375.0,50.0,37570.0,60.956536293029785,16.0,16.0,,,,,,,,,,,,
2,32,4000,,0.3,0.0,0.0,1,0,0.45,1.0,128,512,auto,8.0,stationary,20000,0.001051221661005,128000,0.0329244136810302,5289cac1558e9b2c,nn_mlp,nn,"Neural network, MLP",1.0,1.0503638445147698,0.4149302909826223,0.3950348187911068,0.9137729172455668,0.8872861419635996,0.2875815774991839,0.2708308408220959,0.0,6.183940029956789e-17,,,ok,56.0146210193634,True,True,20000.0,,,,,,,,,,,mlp,500.0,500.0,1600.0,615.0,33922.0,55.88118481636048,,,,,,,,,,,,,,
2,32,4000,,0.3,0.0,0.0,1,0,0.45,1.0,128,512,auto,8.0,stationary,20000,0.001051221661005,128000,0.0329244136810302,5289cac1558e9b2c,nn_cnn,nn,"Neural network, CNN",1.0,1.0503638445147698,0.5237593923853839,0.4986456789431303,1.0839303578775672,0.8480572163451043,0.346106534150628,0.3589676589149718,0.0,7.810827978824103e-17,,,ok,72.87489652633667,True,True,20000.0,,,,,,,,,,,cnn,150.0,150.0,475.0,150.0,37570.0,72.83740663528442,16.0,16.0,,,,,,,,,,,,
2,32,4000,,0.3,0.0,0.0,1,1,0.45,1.0,128,512,auto,8.0,stationary,20000,0.000786838586912,128000,0.0338392257690429,a03bec3005f0fd38,nn_mlp,nn,"Neural network, MLP",1.0,0.9574818499722884,0.476236048854855,0.4973838917872315,1.0261776941939704,0.8321996073502204,0.3485706944725017,0.3548086903732352,0.0,7.814569807674084e-17,,,ok,52.58011054992676,True,True,20000.0,,,,,,,,,,,mlp,700.0,700.0,1800.0,862.0,33922.0,52.5139524936676,,,,,,,,,,,,,,
2,32,4000,,0.3,0.0,0.0,1,1,0.45,1.0,128,512,auto,8.0,stationary,20000,0.000786838586912,128000,0.0338392257690429,a03bec3005f0fd38,nn_cnn,nn,"Neural network, CNN",1.0,0.9574818499722884,0.5308667577862944,0.554440544018311,0.9387975628086724,0.7193862293493043,0.466544859384921,0.2995667054811414,0.0,8.64285450745055e-17,,,ok,57.26371264457703,True,True,20000.0,,,,,,,,,,,cnn,75.0,75.0,400.0,75.0,37570.0,57.23440766334534,16.0,16.0,,,,,,,,,,,,
2,32,4000,,0.3,0.0,0.0,1,2,0.45,1.0,128,512,auto,8.0,stationary,20000,0.0012114606432668,128000,0.0168220996856689,a51be0c04e55c78f,nn_mlp,nn,"Neural network, MLP",1.0,0.8455177103888598,0.4522516390797262,0.5348813319022406,1.078203836918331,0.8255164103247176,0.4328419477516394,0.3142385836972952,0.0,8.470458787574553e-17,,,ok,78.05520820617676,True,True,20000.0,,,,,,,,,,,mlp,900.0,900.0,2000.0,1108.0,33922.0,77.9917004108429,,,,,,,,,,,,,,
2,32,4000,,0.3,0.0,0.0,1,2,0.45,1.0,128,512,auto,8.0,stationary,20000,0.0012114606432668,128000,0.0168220996856689,a51be0c04e55c78f,nn_cnn,nn,"Neural network, CNN",1.0,0.8455177103888598,0.4939940321624007,0.5842503664828135,1.057519103076545,0.7491558891583697,0.4812225590242316,0.3313205991505383,0.0,9.216240299922095e-17,,,ok,60.13175010681152,True,True,20000.0,,,,,,,,,,,cnn,75.0,75.0,400.0,75.0,37570.0,60.08361792564392,16.0,16.0,,,,,,,,,,,,
2,64,4000,,0.3,0.0,0.0,1,0,0.45,1.0,128,512,auto,8.0,stationary,20000,0.001051221661005,256000,0.0159327983856201,ef60b3f3d62b97b0,nn_mlp,nn,"Neural network, MLP",1.0,1.0503638445147698,0.3643645403236734,0.3468936428328763,0.7950490870224814,0.929029880071638,0.2936547424780853,0.1846675165208882,0.0,5.3554265662814835e-17,,,ok,42.240936517715454,True,True,20000.0,,,,,,,,,,,mlp,400.0,400.0,1500.0,502.0,33922.0,42.15960121154785,,,,,,,,,,,,,,
2,64,4000,,0.3,0.0,0.0,1,0,0.45,1.0,128,512,auto,8.0,stationary,20000,0.001051221661005,256000,0.0159327983856201,ef60b3f3d62b97b0,nn_cnn,nn,"Neural network, CNN",1.0,1.0503638445147698,0.3685257945761269,0.3508553693090727,1.0426732265738463,0.9139772900098082,0.2469974720574989,0.2491821401509562,0.0,5.5251393967556134e-17,,,ok,67.92432236671448,True,True,20000.0,,,,,,,,,,,cnn,150.0,150.0,475.0,150.0,37570.0,67.89040398597717,16.0,16.0,,,,,,,,,,,,
2,64,4000,,0.3,0.0,0.0,1,1,0.45,1.0,128,512,auto,8.0,stationary,20000,0.000786838586912,256000,0.0160491466522216,407f66806b983eb8,nn_mlp,nn,"Neural network, MLP",1.0,0.9574818499722884,0.3139184086746073,0.3278583387076139,0.8680061515666658,0.9532518406952872,0.2731719182682131,0.1812958723462318,0.0,5.0783858323761885e-17,,,ok,56.65624642372131,True,True,20000.0,,,,,,,,,,,mlp,700.0,700.0,1800.0,878.0,33922.0,56.57215237617493,,,,,,,,,,,,,,
2,64,4000,,0.3,0.0,0.0,1,1,0.45,1.0,128,512,auto,8.0,stationary,20000,0.000786838586912,256000,0.0160491466522216,407f66806b983eb8,nn_cnn,nn,"Neural network, CNN",1.0,0.9574818499722884,0.4356577192400596,0.4550036319254182,0.9627810741090984,0.8827301743237426,0.3909263314755907,0.2328194760417565,0.0,7.101339804026798e-17,,,ok,63.10474395751953,True,True,20000.0,,,,,,,,,,,cnn,125.0,125.0,450.0,125.0,37570.0,63.08287382125855,16.0,16.0,,,,,,,,,,,,
2,64,4000,,0.3,0.0,0.0,1,2,0.45,1.0,128,512,auto,8.0,stationary,20000,0.0012114606432668,256000,0.0153069496154785,40bdf6aab4638135,nn_mlp,nn,"Neural network, MLP",1.0,0.8455177103888598,0.3170545534558979,0.3749827467364133,0.9362313855691607,0.872055000440818,0.2988143524024514,0.2265436892704995,0.0,5.849934388143136e-17,,,ok,66.32955718040466,True,True,20000.0,,,,,,,,,,,mlp,1000.0,1000.0,2100.0,1255.0,33922.0,66.25263857841492,,,,,,,,,,,,,,
2,64,4000,,0.3,0.0,0.0,1,2,0.45,1.0,128,512,auto,8.0,stationary,20000,0.0012114606432668,256000,0.0153069496154785,40bdf6aab4638135,nn_cnn,nn,"Neural network, CNN",1.0,0.8455177103888598,0.3723665875373196,0.4404006952924327,1.0271195752704303,0.8526416219392723,0.327304220616366,0.294660346128846,0.0,6.946255457567413e-17,,,ok,61.65768933296204,True,True,20000.0,,,,,,,,,,,cnn,150.0,150.0,475.0,150.0,37570.0,61.60945129394531,16.0,16.0,,,,,,,,,,,,
2,128,4000,,0.3,0.0,0.0,1,0,0.45,1.0,128,512,auto,8.0,stationary,20000,0.001051221661005,512000,0.0289723873138427,5f284ab68316b74b,nn_mlp,nn,"Neural network, MLP",1.0,1.0503638445147698,0.2001435982422027,0.1905469226567502,0.9807912709456604,0.972351211392231,0.1333854590502535,0.1360751595549705,0.0,3.0006124750181483e-17,,,ok,84.46443176269531,True,True,20000.0,,,,,,,,,,,mlp,1300.0,1300.0,2400.0,1631.0,33922.0,84.36874890327454,,,,,,,,,,,,,,
2,128,4000,,0.3,0.0,0.0,1,0,0.45,1.0,128,512,auto,8.0,stationary,20000,0.001051221661005,512000,0.0289723873138427,5f284ab68316b74b,nn_cnn,nn,"Neural network, CNN",1.0,1.0503638445147698,0.5228836074754822,0.4978118870009616,0.904827231009954,0.8083839721330108,0.3859623808015775,0.3144037459150833,0.0,7.70014665070722e-17,,,ok,57.24798035621643,True,True,20000.0,,,,,,,,,,,cnn,50.0,50.0,375.0,50.0,39106.0,57.20392370223999,32.0,32.0,,,,,,,,,,,,
2,128,4000,,0.3,0.0,0.0,1,1,0.45,1.0,128,512,auto,8.0,stationary,20000,0.000786838586912,512000,0.01601243019104,4ff62334996f24a2,nn_mlp,nn,"Neural network, MLP",1.0,0.9574818499722884,0.2742288880688204,0.2864063565035276,1.0348014674969628,0.9542937480931843,0.2184424235531264,0.1852336595704524,0.0,4.498064911825101e-17,,,ok,86.80677032470703,True,True,20000.0,,,,,,,,,,,mlp,1500.0,1500.0,2600.0,1882.0,33922.0,86.68311667442322,,,,,,,,,,,,,,
2,128,4000,,0.3,0.0,0.0,1,1,0.45,1.0,128,512,auto,8.0,stationary,20000,0.000786838586912,512000,0.01601243019104,4ff62334996f24a2,nn_cnn,nn,"Neural network, CNN",1.0,0.9574818499722884,0.4533438817859912,0.4734751701028191,0.995295959846122,0.7796236857801455,0.3159460059199003,0.3526426775748444,0.0,7.491378674985703e-17,,,ok,63.23932814598084,True,True,20000.0,,,,,,,,,,,cnn,100.0,100.0,425.0,100.0,37570.0,63.21037745475769,16.0,16.0,,,,,,,,,,,,
2,128,4000,,0.3,0.0,0.0,1,2,0.45,1.0,128,512,auto,8.0,stationary,20000,0.0012114606432668,512000,0.0106499195098876,2ff6cc6fa4330e5d,nn_mlp,nn,"Neural network, MLP",1.0,0.8455177103888598,0.2397825631505694,0.2835925968248396,1.0079998898757343,0.9465872383189362,0.2138534417392923,0.1862564533918627,0.0,4.428562304242723e-17,,,ok,88.40362572669983,True,True,20000.0,,,,,,,,,,,mlp,1600.0,1600.0,2700.0,2008.0,33922.0,88.28362584114075,,,,,,,,,,,,,,
2,128,4000,,0.3,0.0,0.0,1,2,0.45,1.0,128,512,auto,8.0,stationary,20000,0.0012114606432668,512000,0.0106499195098876,2ff6cc6fa4330e5d,nn_cnn,nn,"Neural network, CNN",1.0,0.8455177103888598,0.35284252494299,0.417309443205767,0.931387441366798,0.9003698258893049,0.3477649970569204,0.2306657282968309,0.0,6.5620342256711e-17,,,ok,66.96605396270752,True,True,20000.0,,,,,,,,,,,cnn,175.0,175.0,500.0,175.0,37570.0,66.93472719192505,16.0,16.0,,,,,,,,,,,,
2,256,4000,,0.3,0.0,0.0,1,0,0.45,1.0,128,512,auto,8.0,stationary,20000,0.001051221661005,1024000,0.0297496318817138,b71b495b791128e8,nn_mlp,nn,"Neural network, MLP",1.0,1.0503638445147698,0.2143593927590008,0.2040810847388098,1.0506964982708902,0.9805915645888502,0.1522003866315647,0.1359563586500149,0.0,3.21931917046248e-17,,,ok,322.64151644706726,True,True,20000.0,,,,,,,,,,,mlp,5500.0,5500.0,8300.0,6868.0,33922.0,322.4495425224304,,,,,,,,,,,,,,
2,256,4000,,0.3,0.0,0.0,1,0,0.45,1.0,128,512,auto,8.0,stationary,20000,0.001051221661005,1024000,0.0297496318817138,b71b495b791128e8,nn_cnn,nn,"Neural network, CNN",1.0,1.0503638445147698,0.2514962158938909,0.2394372361608401,1.082739398040293,0.975434887853305,0.1821081239540115,0.1554568147438132,0.0,3.749681318650447e-17,,,ok,90.72578287124634,True,True,20000.0,,,,,,,,,,,cnn,300.0,300.0,625.0,300.0,37570.0,90.6942698955536,16.0,16.0,,,,,,,,,,,,
2,256,4000,,0.3,0.0,0.0,1,1,0.45,1.0,128,512,auto,8.0,stationary,20000,0.000786838586912,1024000,0.0159544944763183,7fd990d103ad270e,nn_mlp,nn,"Neural network, MLP",1.0,0.9574818499722884,0.2164191584860777,0.2260295153295505,1.024149621756286,0.9751806575775231,0.1725985310590089,0.1459420737018075,0.0,3.577614348313553e-17,,,ok,99.37567830085754,True,True,20000.0,,,,,,,,,,,mlp,1700.0,1700.0,2800.0,2123.0,33922.0,99.19750714302064,,,,,,,,,,,,,,
2,256,4000,,0.3,0.0,0.0,1,1,0.45,1.0,128,512,auto,8.0,stationary,20000,0.000786838586912,1024000,0.0159544944763183,7fd990d103ad270e,nn_cnn,nn,"Neural network, CNN",1.0,0.9574818499722884,0.3165339691132491,0.3305900462994784,1.028784825791028,0.9070406055733802,0.2423335821864495,0.2248648786648875,0.0,5.211758895985877e-17,,,ok,74.34368348121643,True,True,20000.0,,,,,,,,,,,cnn,125.0,125.0,450.0,125.0,37570.0,74.29641366004944,16.0,16.0,,,,,,,,,,,,
2,256,4000,,0.3,0.0,0.0,1,2,0.45,1.0,128,512,auto,8.0,stationary,20000,0.0012114606432668,1024000,0.0238926410675048,340a0d0d70848ad6,nn_mlp,nn,"Neural network, MLP",1.0,0.8455177103888598,0.1733701587095656,0.2050461587964034,0.9218491734954538,0.9709129348052208,0.1715103714780596,0.1123749069526551,0.0,3.165947042211346e-17,,,ok,61.037104845047,True,True,20000.0,,,,,,,,,,,mlp,700.0,700.0,1800.0,874.0,33922.0,60.85804510116577,,,,,,,,,,,,,,
2,256,4000,,0.3,0.0,0.0,1,2,0.45,1.0,128,512,auto,8.0,stationary,20000,0.0012114606432668,1024000,0.0238926410675048,340a0d0d70848ad6,nn_cnn,nn,"Neural network, CNN",1.0,0.8455177103888598,0.1710155415776013,0.2022613358376018,1.030025972421937,0.969839993815362,0.1485926155159548,0.1372220193297663,0.0,3.163929459802665e-17,,,ok,76.23265147209167,True,True,20000.0,,,,,,,,,,,cnn,200.0,200.0,525.0,200.0,37570.0,76.18628334999084,16.0,16.0,,,,,,,,,,,,
2,512,4000,,0.3,0.0,0.0,1,0,0.45,1.0,128,512,auto,8.0,stationary,20000,0.001051221661005,2048000,0.0454590320587158,6e17b95b1f12eea4,nn_mlp,nn,"Neural network, MLP",1.0,1.0503638445147698,0.1161251570826509,0.1105570776156109,0.9853728854640122,0.9889161250907266,0.0721472243169825,0.0837713879212899,0.0,1.7538353516774384e-17,,,ok,156.20930528640747,True,True,20000.0,,,,,,,,,,,mlp,2700.0,2700.0,4100.0,3372.0,33922.0,155.81063437461853,,,,,,,,,,,,,,
2,512,4000,,0.3,0.0,0.0,1,0,0.45,1.0,128,512,auto,8.0,stationary,20000,0.001051221661005,2048000,0.0454590320587158,6e17b95b1f12eea4,nn_cnn,nn,"Neural network, CNN",1.0,1.0503638445147698,0.1409997302508317,0.1342389410937583,0.9989881022009998,0.984094928631363,0.0919267781253899,0.0978241318359578,0.0,2.120197764656996e-17,,,ok,76.66395592689514,True,True,20000.0,,,,,,,,,,,cnn,175.0,175.0,500.0,175.0,37570.0,76.64385604858398,16.0,16.0,,,,,,,,,,,,
2,512,4000,,0.3,0.0,0.0,1,1,0.45,1.0,128,512,auto,8.0,stationary,20000,0.000786838586912,2048000,0.0470616817474365,b26225765e70099c,nn_mlp,nn,"Neural network, MLP",1.0,0.9574818499722884,0.1237408487825823,0.129235712182078,0.9968041016463564,0.9891329890828734,0.0910489494514184,0.091716727520131,0.0,2.037720954391746e-17,,,ok,356.15971302986145,True,True,20000.0,,,,,,,,,,,mlp,5200.0,5200.0,7900.0,6494.0,33922.0,355.8402609825134,,,,,,,,,,,,,,
2,512,4000,,0.3,0.0,0.0,1,1,0.45,1.0,128,512,auto,8.0,stationary,20000,0.000786838586912,2048000,0.0470616817474365,b26225765e70099c,nn_cnn,nn,"Neural network, CNN",1.0,0.9574818499722884,0.1553600480292494,0.1622590005583352,1.0144053291254782,0.979307670000453,0.1113560618670218,0.1180161461311877,0.0,2.547542134822266e-17,,,ok,95.85051321983336,True,True,20000.0,,,,,,,,,,,cnn,225.0,225.0,550.0,225.0,37570.0,95.80179071426392,16.0,16.0,,,,,,,,,,,,
2,512,4000,,0.3,0.0,0.0,1,2,0.45,1.0,128,512,auto,8.0,stationary,20000,0.0012114606432668,2048000,0.0412149429321289,e91635b922e3a569,nn_mlp,nn,"Neural network, MLP",1.0,0.8455177103888598,0.1556825561978929,0.1841269015243848,0.9600561486988552,0.97248953539621,0.1436601291220799,0.1151715380013562,0.0,2.8852093248379265e-17,,,ok,128.24086666107178,True,True,20000.0,,,,,,,,,,,mlp,1900.0,1900.0,3000.0,2373.0,33922.0,127.92581868171692,,,,,,,,,,,,,,
2,512,4000,,0.3,0.0,0.0,1,2,0.45,1.0,128,512,auto,8.0,stationary,20000,0.0012114606432668,2048000,0.0412149429321289,e91635b922e3a569,nn_cnn,nn,"Neural network, CNN",1.0,0.8455177103888598,0.1611613278182559,0.190606684919866,1.0144728364343676,0.979583938762434,0.1447205946010787,0.1240437738641134,0.0,2.9658078698212383e-17,,,ok,99.03926682472228,True,True,20000.0,,,,,,,,,,,cnn,325.0,325.0,650.0,325.0,37570.0,98.99769377708436,16.0,16.0,,,,,,,,,,,,
2,1024,4000,,0.3,0.0,0.0,1,0,0.45,1.0,128,512,auto,8.0,stationary,20000,0.001051221661005,4096000,0.0617053508758544,f7bd8f543b48a5c0,nn_mlp,nn,"Neural network, MLP",1.0,1.0503638445147698,0.1121690032424522,0.1067906172020518,0.9840987948366744,0.9908103202361624,0.0755385640366704,0.0754861660549335,0.0,1.6821511864725913e-17,,,ok,249.1369545459748,True,True,20000.0,,,,,,,,,,,mlp,3800.0,3800.0,5800.0,4751.0,33922.0,248.51849269866943,,,,,,,,,,,,,,
2,1024,4000,,0.3,0.0,0.0,1,0,0.45,1.0,128,512,auto,8.0,stationary,20000,0.001051221661005,4096000,0.0617053508758544,f7bd8f543b48a5c0,nn_cnn,nn,"Neural network, CNN",1.0,1.0503638445147698,0.1450216717029842,0.1380680346722892,0.9840487288207636,0.9841112499242446,0.1005883145067828,0.0945768110212698,0.0,2.157351764415069e-17,,,ok,82.49924921989441,True,True,20000.0,,,,,,,,,,,cnn,125.0,125.0,450.0,125.0,37570.0,82.46781706809998,16.0,16.0,,,,,,,,,,,,
2,1024,4000,,0.3,0.0,0.0,1,1,0.45,1.0,128,512,auto,8.0,stationary,20000,0.000786838586912,4096000,0.0665559768676757,f0201352443e6d1e,nn_mlp,nn,"Neural network, MLP",1.0,0.9574818499722884,0.1056079368204547,0.1102975861354564,0.9609083176105636,0.9903852146577024,0.0853637183251538,0.0698469262101936,0.0,1.7249875853091576e-17,,,ok,279.60952639579773,True,True,20000.0,,,,,,,,,,,mlp,4300.0,4300.0,6500.0,5376.0,33922.0,278.95954298973083,,,,,,,,,,,,,,
2,1024,4000,,0.3,0.0,0.0,1,1,0.45,1.0,128,512,auto,8.0,stationary,20000,0.000786838586912,4096000,0.0665559768676757,f0201352443e6d1e,nn_cnn,nn,"Neural network, CNN",1.0,0.9574818499722884,0.1183231852266204,0.1235774706643733,1.0104662589987004,0.9893831263762743,0.0938644583077445,0.0803794421627678,0.0,1.9117535940999402e-17,,,ok,78.14177012443542,True,True,20000.0,,,,,,,,,,,cnn,200.0,200.0,525.0,200.0,39106.0,78.11002588272095,32.0,32.0,,,,,,,,,,,,
2,1024,4000,,0.3,0.0,0.0,1,2,0.45,1.0,128,512,auto,8.0,stationary,20000,0.0012114606432668,4096000,0.0635826587677002,e3ceb0e0f65a5553,nn_mlp,nn,"Neural network, MLP",1.0,0.8455177103888598,0.1120743087693959,0.1325511073184405,0.9886369360008151,0.9786408183498976,0.0887017224207894,0.0984977182016414,0.0,2.111918217134173e-17,,,ok,201.5374176502228,True,True,20000.0,,,,,,,,,,,mlp,3100.0,3100.0,4700.0,3876.0,33922.0,200.94694566726685,,,,,,,,,,,,,,
2,1024,4000,,0.3,0.0,0.0,1,2,0.45,1.0,128,512,auto,8.0,stationary,20000,0.0012114606432668,4096000,0.0635826587677002,e3ceb0e0f65a5553,nn_cnn,nn,"Neural network, CNN",1.0,0.8455177103888598,0.1137146427146179,0.1344911423112826,1.0235549189522115,0.973627809615574,0.0913104870096163,0.0987434166021226,0.0,2.1190806214807188e-17,,,ok,95.41771197319032,True,True,20000.0,,,,,,,,,,,cnn,325.0,325.0,650.0,325.0,37570.0,95.37521815299988,16.0,16.0,,,,,,,,,,,,
2,16,4000,,0.3,0.0,0.0,1,0,0.45,1.0,128,512,auto,8.0,stationary,20000,0.001051221661005,64000,0.019057273864746,cfe52eac6c056955,cnn_amortised,cnn_amortised,Amortised CNN,1.0,1.0503638445147698,0.3852815097803511,0.3668076655459683,0.9722779970842678,0.9170477585667384,0.239632514265931,0.2777123000694626,0.0,5.731979990580304e-17,,,ok,0.1376774311065673,True,True,20000.0,,,,,,,,,,,,,,,,,,64.0,,,,,,,,,,,,,
2,16,4000,,0.3,0.0,0.0,1,1,0.45,1.0,128,512,auto,8.0,stationary,20000,0.000786838586912,64000,0.0230498313903808,2bd95bc0e8d9b524,cnn_amortised,cnn_amortised,Amortised CNN,1.0,0.9574818499722884,0.4041509186613095,0.4220977334170945,0.9579166344681872,0.8680107379199911,0.3204803310944633,0.274697750149927,0.0,6.600859791172585e-17,,,ok,0.1378118991851806,True,True,20000.0,,,,,,,,,,,,,,,,,,64.0,,,,,,,,,,,,,
2,16,4000,,0.3,0.0,0.0,1,2,0.45,1.0,128,512,auto,8.0,stationary,20000,0.0012114606432668,64000,0.0212223529815673,e419b6fb5b0f58d6,cnn_amortised,cnn_amortised,Amortised CNN,1.0,0.8455177103888598,0.407786424478148,0.4822919963327605,0.9988553301141208,0.8440057603267472,0.3372532077648665,0.3447692613603295,0.0,7.609749837281463e-17,,,ok,0.1319196224212646,True,True,20000.0,,,,,,,,,,,,,,,,,,64.0,,,,,,,,,,,,,
2,32,4000,,0.3,0.0,0.0,1,0,0.45,1.0,128,512,auto,8.0,stationary,20000,0.001051221661005,128000,0.02016282081604,5289cac1558e9b2c,cnn_amortised,cnn_amortised,Amortised CNN,1.0,1.0503638445147698,0.3119993351904646,0.2970392943548024,0.9591442654074044,0.932526492463388,0.2275004708711295,0.1909865915299115,0.0,4.6236336046900266e-17,,,ok,0.1421122550964355,True,True,20000.0,,,,,,,,,,,,,,,,,,64.0,,,,,,,,,,,,,
2,32,4000,,0.3,0.0,0.0,1,1,0.45,1.0,128,512,auto,8.0,stationary,20000,0.000786838586912,128000,0.0137498378753662,a03bec3005f0fd38,cnn_amortised,cnn_amortised,Amortised CNN,1.0,0.9574818499722884,0.2650227716448319,0.276791431244887,0.954086457495108,0.9573182030625564,0.1877973663237792,0.2033362870036858,0.0,4.296190493840959e-17,,,ok,0.1677088737487793,True,True,20000.0,,,,,,,,,,,,,,,,,,64.0,,,,,,,,,,,,,
2,32,4000,,0.3,0.0,0.0,1,2,0.45,1.0,128,512,auto,8.0,stationary,20000,0.0012114606432668,128000,0.0187270641326904,a51be0c04e55c78f,cnn_amortised,cnn_amortised,Amortised CNN,1.0,0.8455177103888598,0.327765137608177,0.3876502332014256,1.0157486393158,0.8611850117376674,0.2893592833319532,0.2579610599504083,0.0,6.134899128443554e-17,,,ok,0.1609168052673339,True,True,20000.0,,,,,,,,,,,,,,,,,,64.0,,,,,,,,,,,,,
2,64,4000,,0.3,0.0,0.0,1,0,0.45,1.0,128,512,auto,8.0,stationary,20000,0.001051221661005,256000,0.0232205390930175,ef60b3f3d62b97b0,cnn_amortised,cnn_amortised,Amortised CNN,1.0,1.0503638445147698,0.23826800082121,0.2268433001245213,0.9616977484455465,0.9628927982243736,0.1560526453771711,0.1646373429151799,0.0,3.5745401116358e-17,,,ok,0.2082955837249755,True,True,20000.0,,,,,,,,,,,,,,,,,,64.0,,,,,,,,,,,,,
2,64,4000,,0.3,0.0,0.0,1,1,0.45,1.0,128,512,auto,8.0,stationary,20000,0.000786838586912,256000,0.0385277271270751,407f66806b983eb8,cnn_amortised,cnn_amortised,Amortised CNN,1.0,0.9574818499722884,0.1989406257115061,0.2077748269768914,0.9394762162332616,0.977888531205468,0.1439450300158404,0.1498339316010093,0.0,3.2619993443910107e-17,,,ok,0.197509765625,True,True,20000.0,,,,,,,,,,,,,,,,,,64.0,,,,,,,,,,,,,
2,64,4000,,0.3,0.0,0.0,1,2,0.45,1.0,128,512,auto,8.0,stationary,20000,0.0012114606432668,256000,0.0325129032135009,40bdf6aab4638135,cnn_amortised,cnn_amortised,Amortised CNN,1.0,0.8455177103888598,0.1795055684878564,0.2123025529592993,0.9348972576838184,0.9657401648913586,0.1629030668975321,0.1361431775316495,0.0,3.3487596998996606e-17,,,ok,0.2153968811035156,True,True,20000.0,,,,,,,,,,,,,,,,,,64.0,,,,,,,,,,,,,
2,128,4000,,0.3,0.0,0.0,1,0,0.45,1.0,128,512,auto,8.0,stationary,20000,0.001051221661005,512000,0.0341036319732666,5f284ab68316b74b,cnn_amortised,cnn_amortised,Amortised CNN,1.0,1.0503638445147698,0.1470264140779727,0.139976651753368,0.970456048499168,0.9848877158384364,0.0936580611836182,0.104027066725008,0.0,2.2078216305503138e-17,,,ok,0.2917871475219726,True,True,20000.0,,,,,,,,,,,,,,,,,,64.0,,,,,,,,,,,,,
2,128,4000,,0.3,0.0,0.0,1,1,0.45,1.0,128,512,auto,8.0,stationary,20000,0.000786838586912,512000,0.0348598957061767,4ff62334996f24a2,cnn_amortised,cnn_amortised,Amortised CNN,1.0,0.9574818499722884,0.1967285990555806,0.2054645725778241,1.0267688062299285,0.9678856247271508,0.1457116015808318,0.1448579295355862,0.0,3.218265829194819e-17,,,ok,0.2941792011260986,True,True,20000.0,,,,,,,,,,,,,,,,,,64.0,,,,,,,,,,,,,
2,128,4000,,0.3,0.0,0.0,1,2,0.45,1.0,128,512,auto,8.0,stationary,20000,0.0012114606432668,512000,0.0315361022949218,2ff6cc6fa4330e5d,cnn_amortised,cnn_amortised,Amortised CNN,1.0,0.8455177103888598,0.1661471711576944,0.1965034784206733,1.0104959129806113,0.9798202316737092,0.1417179555030896,0.1361236133793411,0.0,3.128018230873577e-17,,,ok,0.3064527511596679,True,True,20000.0,,,,,,,,,,,,,,,,,,64.0,,,,,,,,,,,,,
2,256,4000,,0.3,0.0,0.0,1,0,0.45,1.0,128,512,auto,8.0,stationary,20000,0.001051221661005,1024000,0.044900894165039,b71b495b791128e8,cnn_amortised,cnn_amortised,Amortised CNN,1.0,1.0503638445147698,0.1177630236771468,0.1121164102250198,1.008534949499729,0.9919518407569896,0.0838293494204322,0.0744495105255366,0.0,1.7451056764953882e-17,,,ok,0.4999456405639648,True,True,20000.0,,,,,,,,,,,,,,,,,,64.0,,,,,,,,,,,,,
2,256,4000,,0.3,0.0,0.0,1,1,0.45,1.0,128,512,auto,8.0,stationary,20000,0.000786838586912,1024000,0.0387632846832275,7fd990d103ad270e,cnn_amortised,cnn_amortised,Amortised CNN,1.0,0.9574818499722884,0.1694197378018947,0.1769430280133227,1.021119789613688,0.9696674166098938,0.136057267078392,0.1131249540891956,0.0,2.766353039480247e-17,,,ok,0.4962415695190429,True,True,20000.0,,,,,,,,,,,,,,,,,,64.0,,,,,,,,,,,,,
2,256,4000,,0.3,0.0,0.0,1,2,0.45,1.0,128,512,auto,8.0,stationary,20000,0.0012114606432668,1024000,0.0416805744171142,340a0d0d70848ad6,cnn_amortised,cnn_amortised,Amortised CNN,1.0,0.8455177103888598,0.1116093528017896,0.1320012004839729,1.0089607499838589,0.9856931562068456,0.0997167899209576,0.0864920732614822,0.0,2.062777645469093e-17,,,ok,0.4276075363159179,True,True,20000.0,,,,,,,,,,,,,,,,,,64.0,,,,,,,,,,,,,
2,512,4000,,0.3,0.0,0.0,1,0,0.45,1.0,128,512,auto,8.0,stationary,20000,0.001051221661005,2048000,0.0476882457733154,6e17b95b1f12eea4,cnn_amortised,cnn_amortised,Amortised CNN,1.0,1.0503638445147698,0.0879836040598185,0.0837648825397868,0.9867769851193064,0.9954718979918816,0.0611024864236465,0.057297833290207,0.0,1.3206465164138268e-17,,,ok,0.6982121467590332,True,True,20000.0,,,,,,,,,,,,,,,,,,64.0,,,,,,,,,,,,,
2,512,4000,,0.3,0.0,0.0,1,1,0.45,1.0,128,512,auto,8.0,stationary,20000,0.000786838586912,2048000,0.050163984298706,b26225765e70099c,cnn_amortised,cnn_amortised,Amortised CNN,1.0,0.9574818499722884,0.086076406675511,0.0898987345587828,0.9902747009154664,0.992832438850108,0.0637125553998252,0.0634231248023517,0.0,1.4110810880119017e-17,,,ok,0.7441825866699219,True,True,20000.0,,,,,,,,,,,,,,,,,,64.0,,,,,,,,,,,,,
2,512,4000,,0.3,0.0,0.0,1,2,0.45,1.0,128,512,auto,8.0,stationary,20000,0.0012114606432668,2048000,0.0477063655853271,e91635b922e3a569,cnn_amortised,cnn_amortised,Amortised CNN,1.0,0.8455177103888598,0.0936386756901204,0.1107471488054997,0.967127267891592,0.9911554654340102,0.0853089381383996,0.0706209320403391,0.0,1.7418196224480177e-17,,,ok,0.7594950199127197,True,True,20000.0,,,,,,,,,,,,,,,,,,64.0,,,,,,,,,,,,,
2,1024,4000,,0.3,0.0,0.0,1,0,0.45,1.0,128,512,auto,8.0,stationary,20000,0.001051221661005,4096000,0.0470490455627441,f7bd8f543b48a5c0,cnn_amortised,cnn_amortised,Amortised CNN,1.0,1.0503638445147698,0.0665312853645281,0.0633411800224932,0.9935003964103372,0.9971732765197088,0.0441282824930912,0.0454400679010477,0.0,9.960864856776894e-18,,,ok,1.267255783081055,True,True,20000.0,,,,,,,,,,,,,,,,,,64.0,,,,,,,,,,,,,
2,1024,4000,,0.3,0.0,0.0,1,1,0.45,1.0,128,512,auto,8.0,stationary,20000,0.000786838586912,4096000,0.0578908920288085,f0201352443e6d1e,cnn_amortised,cnn_amortised,Amortised CNN,1.0,0.9574818499722884,0.0496312438729018,0.051835179825433,0.988320135614273,0.9970558281407104,0.0385933910635812,0.0346039886970919,0.0,8.030118542117052e-18,,,ok,1.327495813369751,True,True,20000.0,,,,,,,,,,,,,,,,,,64.0,,,,,,,,,,,,,
2,1024,4000,,0.3,0.0,0.0,1,2,0.45,1.0,128,512,auto,8.0,stationary,20000,0.0012114606432668,4096000,0.0513641834259033,e3ceb0e0f65a5553,cnn_amortised,cnn_amortised,Amortised CNN,1.0,0.8455177103888598,0.0760477304640797,0.0899422088144136,0.9951064614180112,0.9875986540743704,0.062877482468887,0.0643119205496958,0.0,1.4223217989875165e-17,,,ok,1.3028414249420166,True,True,20000.0,,,,,,,,,,,,,,,,,,64.0,,,,,,,,,,,,,
2,16,4000,,0.3,0.0,0.0,1,0,0.45,1.0,128,512,auto,8.0,stationary,20000,0.0010512216610050018,64000,0.021914243698120117,cfe52eac6c056955,kde_score,kde_score,KDE score (snapshots),1.0,1.0503638445147698,0.17751097925780046,0.16899951401107502,0.9450021573203407,0.9774266898708048,0.13256884500236113,0.10481572911886597,0.0,2.6377667369440754e-17,,,ok,13.699882984161377,True,True,20000.0,0.06832050176226198,,,,,,,,,,,,,,,,,,,0.0531744144360772,0.06832050176226198,0.0531744144360772,0.0912870929175277,,,,,,,,
2,16,4000,,0.3,0.0,0.0,1,0,0.45,1.0,128,512,auto,8.0,stationary,20000,0.0010512216610050018,64000,0.021914243698120117,cfe52eac6c056955,dsm,dsm,Denoising score matching,1.0,1.0503638445147698,0.6149796216292337,0.5854919938845877,0.6431720193677701,0.8270947273129752,0.5331663212841192,0.24193914266052416,0.0,8.962258198090292e-17,,,ok,2.7649669647216797,True,True,20000.0,,,,,,,,,,,,,,,,,,,,,,,,"(256, 256, 256)",40.0,0.002,0.01,0.5,0.034445698959039296,0.034445698959039296,1.9462287425994873
2,16,4000,,0.3,0.0,0.0,1,1,0.45,1.0,128,512,auto,8.0,stationary,20000,0.0007868385869120293,64000,0.0366520881652832,2bd95bc0e8d9b524,kde_score,kde_score,KDE score (snapshots),1.0,0.9574818499722885,0.13232920691475109,0.13820544683805858,0.9168325412102087,0.992031210089377,0.119106564963067,0.07010257996968534,0.0,2.1178770140982937e-17,,,ok,16.548381567001343,True,True,20000.0,0.08607843830965364,,,,,,,,,,,,,,,,,,,0.0531744144360772,0.08607843830965364,0.0531744144360772,0.0912870929175277,,,,,,,,
2,16,4000,,0.3,0.0,0.0,1,1,0.45,1.0,128,512,auto,8.0,stationary,20000,0.0007868385869120293,64000,0.0366520881652832,2bd95bc0e8d9b524,dsm,dsm,Denoising score matching,1.0,0.9574818499722885,0.621942374644124,0.6495604847884316,0.6167038203632186,0.6762880580317061,0.6131175919075771,0.21451256814470337,0.0,9.991882993829236e-17,,,ok,2.6310129165649414,True,True,20000.0,,,,,,,,,,,,,,,,,,,,,,,,"(256, 256, 256)",40.0,0.002,0.01,0.5,0.034445698959039296,0.034445698959039296,1.9719420671463013
2,16,4000,,0.3,0.0,0.0,1,2,0.45,1.0,128,512,auto,8.0,stationary,20000,0.0012114606432668193,64000,0.02278923988342285,e419b6fb5b0f58d6,kde_score,kde_score,KDE score (snapshots),1.0,0.8455177103888598,0.13764830713370152,0.1627976628312091,0.9142040193496007,0.9802771857614981,0.12734827471181495,0.10141743415817699,0.0,2.5392858888723123e-17,,,ok,15.423603773117065,True,True,20000.0,0.08108670975457709,,,,,,,,,,,,,,,,,,,0.06311046023566311,0.08108670975457709,0.06311046023566311,0.08599331206631022,,,,,,,,
2,16,4000,,0.3,0.0,0.0,1,2,0.45,1.0,128,512,auto,8.0,stationary,20000,0.0012114606432668193,64000,0.02278923988342285,e419b6fb5b0f58d6,dsm,dsm,Denoising score matching,1.0,0.8455177103888598,0.5142943619259611,0.608259715446331,0.6137023358570308,0.7371260209936563,0.5478143975770694,0.2643468691740532,0.0,9.39775734850716e-17,,,ok,2.6761865615844727,True,True,20000.0,,,,,,,,,,,,,,,,,,,,,,,,"(256, 256, 256)",40.0,0.002,0.01,0.5,0.034445698959039296,0.034445698959039296,1.9720118045806885
2,32,4000,,0.3,0.0,0.0,1,0,0.45,1.0,128,512,auto,8.0,stationary,20000,0.0010512216610050018,128000,0.03605294227600098,5289cac1558e9b2c,kde_score,kde_score,KDE score (snapshots),1.0,1.0503638445147698,0.14434756726732384,0.13742625283718443,0.9318643608804617,0.9888957644159617,0.11405993907082698,0.07665706274068278,0.0,2.130214738649219e-17,,,ok,28.380205154418945,True,True,20000.0,0.07557245631451254,,,,,,,,,,,,,,,,,,,0.057735026918962595,0.07557245631451254,0.057735026918962595,0.08474343022779376,,,,,,,,
2,32,4000,,0.3,0.0,0.0,1,0,0.45,1.0,128,512,auto,8.0,stationary,20000,0.0010512216610050018,128000,0.03605294227600098,5289cac1558e9b2c,dsm,dsm,Denoising score matching,1.0,1.0503638445147698,0.3350053194362168,0.3189421657892053,0.8809148935280192,0.9538030651276815,0.26782222912009007,0.1731916819811359,0.0,4.926168185844519e-17,,,ok,5.003425598144531,True,True,20000.0,,,,,,,,,,,,,,,,,,,,,,,,"(256, 256, 256)",40.0,0.002,0.01,0.5,0.034445698959039296,0.034445698959039296,1.9108041524887085
2,32,4000,,0.3,0.0,0.0,1,1,0.45,1.0,128,512,auto,8.0,stationary,20000,0.0007868385869120293,128000,0.028339624404907227,a03bec3005f0fd38,kde_score,kde_score,KDE score (snapshots),1.0,0.9574818499722885,0.12176086976323006,0.1271678097780695,0.932378597916623,0.9907353451388174,0.10755545131138505,0.06784892583494265,0.0,1.9510244403095886e-17,,,ok,28.904538869857788,True,True,20000.0,0.07557245631451254,,,,,,,,,,,,,,,,,,,0.057735026918962595,0.07557245631451254,0.057735026918962595,0.08474343022779376,,,,,,,,
2,32,4000,,0.3,0.0,0.0,1,1,0.45,1.0,128,512,auto,8.0,stationary,20000,0.0007868385869120293,128000,0.028339624404907227,a03bec3005f0fd38,dsm,dsm,Denoising score matching,1.0,0.9574818499722885,0.3550069075630255,0.37077142253223927,0.8426485446976422,0.9217857921488143,0.32910061977873434,0.17077537828338496,0.0,5.756904236931659e-17,,,ok,5.045950651168823,True,True,20000.0,,,,,,,,,,,,,,,,,,,,,,,,"(256, 256, 256)",40.0,0.002,0.01,0.5,0.034445698959039296,0.034445698959039296,1.936568260192871
2,32,4000,,0.3,0.0,0.0,1,2,0.45,1.0,128,512,auto,8.0,stationary,20000,0.0012114606432668193,128000,0.03716683387756348,a51be0c04e55c78f,kde_score,kde_score,KDE score (snapshots),1.0,0.8455177103888598,0.12932132724460715,0.15294928261778376,0.8928986107778928,0.9892193874527728,0.13261680992102018,0.07619885025160605,0.0,2.366689225125501e-17,,,ok,29.12963628768921,True,True,20000.0,0.08971732366466793,,,,,,,,,,,,,,,,,,,0.05440124167316505,0.08971732366466793,0.05440124167316505,0.07985010268560287,,,,,,,,
2,32,4000,,0.3,0.0,0.0,1,2,0.45,1.0,128,512,auto,8.0,stationary,20000,0.0012114606432668193,128000,0.03716683387756348,a51be0c04e55c78f,dsm,dsm,Denoising score matching,1.0,0.8455177103888598,0.25136298660889045,0.29728884861948873,0.9525413585824574,0.9247516220746683,0.19808631056738862,0.22168101650637867,0.0,4.663386667115695e-17,,,ok,6.005395889282227,True,True,20000.0,,,,,,,,,,,,,,,,,,,,,,,,"(256, 256, 256)",40.0,0.002,0.01,0.5,0.025284318436080488,0.025284318436080488,1.9422746896743774
2,64,4000,,0.3,0.0,0.0,1,0,0.45,1.0,128,512,auto,8.0,stationary,20000,0.0010512216610050018,256000,0.032846689224243164,ef60b3f3d62b97b0,kde_score,kde_score,KDE score (snapshots),1.0,1.0503638445147698,0.13329358235661068,0.12690229490733043,0.9338201228449055,0.991764755450981,0.10940291690940047,0.06430547585129803,0.0,1.9865692167703565e-17,,,ok,27.27103281021118,True,True,20000.0,0.07557245631451254,,,,,,,,,,,,,,,,,,,0.057735026918962595,0.07557245631451254,0.057735026918962595,0.08474343022779376,,,,,,,,
2,64,4000,,0.3,0.0,0.0,1,0,0.45,1.0,128,512,auto,8.0,stationary,20000,0.0010512216610050018,256000,0.032846689224243164,ef60b3f3d62b97b0,dsm,dsm,Denoising score matching,1.0,1.0503638445147698,0.14145181651728803,0.1346693502979757,0.9674812319670435,0.9911307493528474,0.11206868140841048,0.07467559545834963,0.0,2.0798399783857586e-17,,,ok,12.273633241653442,True,True,20000.0,,,,,,,,,,,,,,,,,,,,,,,,"(256, 256, 256)",40.0,0.002,0.01,0.5,0.034445698959039296,0.034445698959039296,1.879432201385498
2,64,4000,,0.3,0.0,0.0,1,1,0.45,1.0,128,512,auto,8.0,stationary,20000,0.0007868385869120293,256000,0.036325931549072266,407f66806b983eb8,kde_score,kde_score,KDE score (snapshots),1.0,0.9574818499722885,0.15558549292346024,0.1624944566081991,0.9646643614306172,0.9793427084424806,0.12021337188455038,0.10933066197796801,0.0,2.519330006502155e-17,,,ok,31.228179931640625,True,True,20000.0,0.059981898326739,,,,,,,,,,,,,,,,,,,0.057735026918962595,0.059981898326739,0.057735026918962595,0.08474343022779376,,,,,,,,
2,64,4000,,0.3,0.0,0.0,1,1,0.45,1.0,128,512,auto,8.0,stationary,20000,0.0007868385869120293,256000,0.036325931549072266,407f66806b983eb8,dsm,dsm,Denoising score matching,1.0,0.9574818499722885,0.14724328558475508,0.15378180337206038,0.9626610502943562,0.9846951772413561,0.12196608683055232,0.09366491718677393,0.0,2.378135000169988e-17,,,ok,10.160370588302612,True,True,20000.0,,,,,,,,,,,,,,,,,,,,,,,,"(256, 256, 256)",40.0,0.002,0.01,0.5,0.034445698959039296,0.034445698959039296,1.9158070087432861
2,64,4000,,0.3,0.0,0.0,1,2,0.45,1.0,128,512,auto,8.0,stationary,20000,0.0012114606432668193,256000,0.04325723648071289,40bdf6aab4638135,kde_score,kde_score,KDE score (snapshots),1.0,0.8455177103888598,0.12739545591233042,0.1506715404621629,0.8946348805550537,0.991807779580781,0.13239320360178589,0.07193019355804109,0.0,2.3233558248735505e-17,,,ok,30.46427845954895,True,True,20000.0,0.08973160668270996,,,,,,,,,,,,,,,,,,,0.05440990236303617,0.08973160668270996,0.05440990236303617,0.0798628148398528,,,,,,,,
2,64,4000,,0.3,0.0,0.0,1,2,0.45,1.0,128,512,auto,8.0,stationary,20000,0.0012114606432668193,256000,0.04325723648071289,40bdf6aab4638135,dsm,dsm,Denoising score matching,1.0,0.8455177103888598,0.11263147497814385,0.13321007188169223,0.9399844581302511,0.9814638449372431,0.09717831865252614,0.09111145720815633,0.0,2.074307134472299e-17,,,ok,10.253573894500732,True,True,20000.0,,,,,,,,,,,,,,,,,,,,,,,,"(256, 256, 256)",40.0,0.002,0.01,0.5,0.034445698959039296,0.034445698959039296,1.9265120029449463
2,128,4000,,0.3,0.0,0.0,1,0,0.45,1.0,128,512,auto,8.0,stationary,20000,0.0010512216610050018,512000,0.03990578651428223,5f284ab68316b74b,kde_score,kde_score,KDE score (snapshots),1.0,1.0503638445147698,0.13563857493030518,0.1291348475470091,0.9290034091457763,0.9920873511086119,0.1087468694156382,0.06964141902120762,0.0,2.0041951799073695e-17,,,ok,31.5224506855011,True,True,20000.0,0.07557245631451254,,,,,,,,,,,,,,,,,,,0.045824321233286766,0.07557245631451254,0.045824321233286766,0.08474343022779376,,,,,,,,
2,128,4000,,0.3,0.0,0.0,1,0,0.45,1.0,128,512,auto,8.0,stationary,20000,0.0010512216610050018,512000,0.03990578651428223,5f284ab68316b74b,dsm,dsm,Denoising score matching,1.0,1.0503638445147698,0.07575222601385279,0.07211998624043231,0.9887329977168817,0.9965867248984469,0.049260990612692554,0.05267492021044135,0.0,1.1384615406671174e-17,,,ok,26.312486171722412,True,True,20000.0,,,,,,,,,,,,,,,,,,,,,,,,"(256, 256, 256)",40.0,0.002,0.01,0.5,0.025284318436080488,0.025284318436080488,1.8743140697479248
2,128,4000,,0.3,0.0,0.0,1,1,0.45,1.0,128,512,auto,8.0,stationary,20000,0.0007868385869120293,512000,0.033638954162597656,4ff62334996f24a2,kde_score,kde_score,KDE score (snapshots),1.0,0.9574818499722885,0.12270879644818711,0.12815783030429095,0.9314364156464517,0.9909528497470863,0.10535393930600048,0.07297243959887185,0.0,2.0018654383179494e-17,,,ok,31.685893535614014,True,True,20000.0,0.07557245631451254,,,,,,,,,,,,,,,,,,,0.057735026918962595,0.07557245631451254,0.057735026918962595,0.08474343022779376,,,,,,,,
2,128,4000,,0.3,0.0,0.0,1,1,0.45,1.0,128,512,auto,8.0,stationary,20000,0.0007868385869120293,512000,0.033638954162597656,4ff62334996f24a2,dsm,dsm,Denoising score matching,1.0,0.9574818499722885,0.07173729922242743,0.07492288154026487,0.9632351620386728,0.9939979051301612,0.060744252391868356,0.043858567916081774,0.0,1.1574664757465966e-17,,,ok,24.570035457611084,True,True,20000.0,,,,,,,,,,,,,,,,,,,,,,,,"(256, 256, 256)",40.0,0.002,0.01,0.5,0.034445698959039296,0.034445698959039296,1.9129118919372559
2,128,4000,,0.3,0.0,0.0,1,2,0.45,1.0,128,512,auto,8.0,stationary,20000,0.0012114606432668193,512000,0.037694454193115234,2ff6cc6fa4330e5d,kde_score,kde_score,KDE score (snapshots),1.0,0.8455177103888598,0.12573424088549917,0.1487068092608883,0.8996855087016142,0.9893887151262182,0.12982438953294703,0.0725213279177364,0.0,2.3218465990448048e-17,,,ok,31.61902618408203,True,True,20000.0,0.08968829568091378,,,,,,,,,,,,,,,,,,,0.06851909303970907,0.08968829568091378,0.06851909303970907,0.07982426723500262,,,,,,,,
2,128,4000,,0.3,0.0,0.0,1,2,0.45,1.0,128,512,auto,8.0,stationary,20000,0.0012114606432668193,512000,0.037694454193115234,2ff6cc6fa4330e5d,dsm,dsm,Denoising score matching,1.0,0.8455177103888598,0.07150343173040664,0.08456763335864566,0.9528125022764538,0.9919623785856442,0.06794557928690813,0.05034960642595728,0.0,1.3265533001688437e-17,,,ok,25.223344326019287,True,True,20000.0,,,,,,,,,,,,,,,,,,,,,,,,"(256, 256, 256)",40.0,0.002,0.01,0.5,0.034445698959039296,0.034445698959039296,1.926841139793396
2,256,4000,,0.3,0.0,0.0,1,0,0.45,1.0,128,512,auto,8.0,stationary,20000,0.0010512216610050018,1024000,0.04107308387756348,b71b495b791128e8,kde_score,kde_score,KDE score (snapshots),1.0,1.0503638445147698,0.13563857493030518,0.1291348475470091,0.9290034091457763,0.9920873511086119,0.1087468694156382,0.06964141902120762,0.0,2.0041951799073695e-17,,,ok,28.051636219024658,True,True,20000.0,0.07557245631451254,,,,,,,,,,,,,,,,,,,0.045824321233286766,0.07557245631451254,0.045824321233286766,0.08474343022779376,,,,,,,,
2,256,4000,,0.3,0.0,0.0,1,0,0.45,1.0,128,512,auto,8.0,stationary,20000,0.0010512216610050018,1024000,0.04107308387756348,b71b495b791128e8,dsm,dsm,Denoising score matching,1.0,1.0503638445147698,0.07575222601385279,0.07211998624043231,0.9887329977168817,0.9965867248984469,0.049260990612692554,0.05267492021044135,0.0,1.1384615406671174e-17,,,ok,25.845192909240723,True,True,20000.0,,,,,,,,,,,,,,,,,,,,,,,,"(256, 256, 256)",40.0,0.002,0.01,0.5,0.025284318436080488,0.025284318436080488,1.8743140697479248
2,256,4000,,0.3,0.0,0.0,1,1,0.45,1.0,128,512,auto,8.0,stationary,20000,0.0007868385869120293,1024000,0.049898386001586914,7fd990d103ad270e,kde_score,kde_score,KDE score (snapshots),1.0,0.9574818499722885,0.12270879644818711,0.12815783030429095,0.9314364156464517,0.9909528497470863,0.10535393930600048,0.07297243959887185,0.0,2.0018654383179494e-17,,,ok,31.67463231086731,True,True,20000.0,0.07557245631451254,,,,,,,,,,,,,,,,,,,0.057735026918962595,0.07557245631451254,0.057735026918962595,0.08474343022779376,,,,,,,,
2,256,4000,,0.3,0.0,0.0,1,1,0.45,1.0,128,512,auto,8.0,stationary,20000,0.0007868385869120293,1024000,0.049898386001586914,7fd990d103ad270e,dsm,dsm,Denoising score matching,1.0,0.9574818499722885,0.07173729922242743,0.07492288154026487,0.9632351620386728,0.9939979051301612,0.060744252391868356,0.043858567916081774,0.0,1.1574664757465966e-17,,,ok,24.84674382209778,True,True,20000.0,,,,,,,,,,,,,,,,,,,,,,,,"(256, 256, 256)",40.0,0.002,0.01,0.5,0.034445698959039296,0.034445698959039296,1.9129118919372559
2,256,4000,,0.3,0.0,0.0,1,2,0.45,1.0,128,512,auto,8.0,stationary,20000,0.0012114606432668193,1024000,0.04995250701904297,340a0d0d70848ad6,kde_score,kde_score,KDE score (snapshots),1.0,0.8455177103888598,0.12573424088549917,0.1487068092608883,0.8996855087016142,0.9893887151262182,0.12982438953294703,0.0725213279177364,0.0,2.3218465990448048e-17,,,ok,32.313963651657104,True,True,20000.0,0.08968829568091378,,,,,,,,,,,,,,,,,,,0.06851909303970907,0.08968829568091378,0.06851909303970907,0.07982426723500262,,,,,,,,
2,256,4000,,0.3,0.0,0.0,1,2,0.45,1.0,128,512,auto,8.0,stationary,20000,0.0012114606432668193,1024000,0.04995250701904297,340a0d0d70848ad6,dsm,dsm,Denoising score matching,1.0,0.8455177103888598,0.07150343173040664,0.08456763335864566,0.9528125022764538,0.9919623785856442,0.06794557928690813,0.05034960642595728,0.0,1.3265533001688437e-17,,,ok,28.182552099227905,True,True,20000.0,,,,,,,,,,,,,,,,,,,,,,,,"(256, 256, 256)",40.0,0.002,0.01,0.5,0.034445698959039296,0.034445698959039296,1.926841139793396
2,512,4000,,0.3,0.0,0.0,1,0,0.45,1.0,128,512,auto,8.0,stationary,20000,0.0010512216610050018,2048000,0.05582094192504883,6e17b95b1f12eea4,kde_score,kde_score,KDE score (snapshots),1.0,1.0503638445147698,0.13563857493030518,0.1291348475470091,0.9290034091457763,0.9920873511086119,0.1087468694156382,0.06964141902120762,0.0,2.0041951799073695e-17,,,ok,31.594706296920776,True,True,20000.0,0.07557245631451254,,,,,,,,,,,,,,,,,,,0.045824321233286766,0.07557245631451254,0.045824321233286766,0.08474343022779376,,,,,,,,
2,512,4000,,0.3,0.0,0.0,1,0,0.45,1.0,128,512,auto,8.0,stationary,20000,0.0010512216610050018,2048000,0.05582094192504883,6e17b95b1f12eea4,dsm,dsm,Denoising score matching,1.0,1.0503638445147698,0.07575222601385279,0.07211998624043231,0.9887329977168817,0.9965867248984469,0.049260990612692554,0.05267492021044135,0.0,1.1384615406671174e-17,,,ok,25.58680272102356,True,True,20000.0,,,,,,,,,,,,,,,,,,,,,,,,"(256, 256, 256)",40.0,0.002,0.01,0.5,0.025284318436080488,0.025284318436080488,1.8743140697479248
2,512,4000,,0.3,0.0,0.0,1,1,0.45,1.0,128,512,auto,8.0,stationary,20000,0.0007868385869120293,2048000,0.06317257881164551,b26225765e70099c,kde_score,kde_score,KDE score (snapshots),1.0,0.9574818499722885,0.12270879644818711,0.12815783030429095,0.9314364156464517,0.9909528497470863,0.10535393930600048,0.07297243959887185,0.0,2.0018654383179494e-17,,,ok,32.59033393859863,True,True,20000.0,0.07557245631451254,,,,,,,,,,,,,,,,,,,0.057735026918962595,0.07557245631451254,0.057735026918962595,0.08474343022779376,,,,,,,,
2,512,4000,,0.3,0.0,0.0,1,1,0.45,1.0,128,512,auto,8.0,stationary,20000,0.0007868385869120293,2048000,0.06317257881164551,b26225765e70099c,dsm,dsm,Denoising score matching,1.0,0.9574818499722885,0.07173729922242743,0.07492288154026487,0.9632351620386728,0.9939979051301612,0.060744252391868356,0.043858567916081774,0.0,1.1574664757465966e-17,,,ok,25.27461290359497,True,True,20000.0,,,,,,,,,,,,,,,,,,,,,,,,"(256, 256, 256)",40.0,0.002,0.01,0.5,0.034445698959039296,0.034445698959039296,1.9129118919372559
2,512,4000,,0.3,0.0,0.0,1,2,0.45,1.0,128,512,auto,8.0,stationary,20000,0.0012114606432668193,2048000,0.060500383377075195,e91635b922e3a569,kde_score,kde_score,KDE score (snapshots),1.0,0.8455177103888598,0.12573424088549917,0.1487068092608883,0.8996855087016142,0.9893887151262182,0.12982438953294703,0.0725213279177364,0.0,2.3218465990448048e-17,,,ok,30.498603582382202,True,True,20000.0,0.08968829568091378,,,,,,,,,,,,,,,,,,,0.06851909303970907,0.08968829568091378,0.06851909303970907,0.07982426723500262,,,,,,,,
2,512,4000,,0.3,0.0,0.0,1,2,0.45,1.0,128,512,auto,8.0,stationary,20000,0.0012114606432668193,2048000,0.060500383377075195,e91635b922e3a569,dsm,dsm,Denoising score matching,1.0,0.8455177103888598,0.07150343173040664,0.08456763335864566,0.9528125022764538,0.9919623785856442,0.06794557928690813,0.05034960642595728,0.0,1.3265533001688437e-17,,,ok,27.953245639801025,True,True,20000.0,,,,,,,,,,,,,,,,,,,,,,,,"(256, 256, 256)",40.0,0.002,0.01,0.5,0.034445698959039296,0.034445698959039296,1.926841139793396
2,1024,4000,,0.3,0.0,0.0,1,0,0.45,1.0,128,512,auto,8.0,stationary,20000,0.0010512216610050018,4096000,0.10019135475158691,f7bd8f543b48a5c0,kde_score,kde_score,KDE score (snapshots),1.0,1.0503638445147698,0.13563857493030518,0.1291348475470091,0.9290034091457763,0.9920873511086119,0.1087468694156382,0.06964141902120762,0.0,2.0041951799073695e-17,,,ok,34.791961431503296,True,True,20000.0,0.07557245631451254,,,,,,,,,,,,,,,,,,,0.045824321233286766,0.07557245631451254,0.045824321233286766,0.08474343022779376,,,,,,,,
2,1024,4000,,0.3,0.0,0.0,1,0,0.45,1.0,128,512,auto,8.0,stationary,20000,0.0010512216610050018,4096000,0.10019135475158691,f7bd8f543b48a5c0,dsm,dsm,Denoising score matching,1.0,1.0503638445147698,0.07575222601385279,0.07211998624043231,0.9887329977168817,0.9965867248984469,0.049260990612692554,0.05267492021044135,0.0,1.1384615406671174e-17,,,ok,24.175151586532593,True,True,20000.0,,,,,,,,,,,,,,,,,,,,,,,,"(256, 256, 256)",40.0,0.002,0.01,0.5,0.025284318436080488,0.025284318436080488,1.8743140697479248
2,1024,4000,,0.3,0.0,0.0,1,1,0.45,1.0,128,512,auto,8.0,stationary,20000,0.0007868385869120293,4096000,0.08803319931030273,f0201352443e6d1e,kde_score,kde_score,KDE score (snapshots),1.0,0.9574818499722885,0.12270879644818711,0.12815783030429095,0.9314364156464517,0.9909528497470863,0.10535393930600048,0.07297243959887185,0.0,2.0018654383179494e-17,,,ok,30.962367057800293,True,True,20000.0,0.07557245631451254,,,,,,,,,,,,,,,,,,,0.057735026918962595,0.07557245631451254,0.057735026918962595,0.08474343022779376,,,,,,,,
2,1024,4000,,0.3,0.0,0.0,1,1,0.45,1.0,128,512,auto,8.0,stationary,20000,0.0007868385869120293,4096000,0.08803319931030273,f0201352443e6d1e,dsm,dsm,Denoising score matching,1.0,0.9574818499722885,0.07173729922242743,0.07492288154026487,0.9632351620386728,0.9939979051301612,0.060744252391868356,0.043858567916081774,0.0,1.1574664757465966e-17,,,ok,23.460991144180298,True,True,20000.0,,,,,,,,,,,,,,,,,,,,,,,,"(256, 256, 256)",40.0,0.002,0.01,0.5,0.034445698959039296,0.034445698959039296,1.9129118919372559
2,1024,4000,,0.3,0.0,0.0,1,2,0.45,1.0,128,512,auto,8.0,stationary,20000,0.0012114606432668193,4096000,0.08075761795043945,e3ceb0e0f65a5553,kde_score,kde_score,KDE score (snapshots),1.0,0.8455177103888598,0.12573424088549917,0.1487068092608883,0.8996855087016142,0.9893887151262182,0.12982438953294703,0.0725213279177364,0.0,2.3218465990448048e-17,,,ok,32.10819745063782,True,True,20000.0,0.08968829568091378,,,,,,,,,,,,,,,,,,,0.06851909303970907,0.08968829568091378,0.06851909303970907,0.07982426723500262,,,,,,,,
2,1024,4000,,0.3,0.0,0.0,1,2,0.45,1.0,128,512,auto,8.0,stationary,20000,0.0012114606432668193,4096000,0.08075761795043945,e3ceb0e0f65a5553,dsm,dsm,Denoising score matching,1.0,0.8455177103888598,0.07150343173040664,0.08456763335864566,0.9528125022764538,0.9919623785856442,0.06794557928690813,0.05034960642595728,0.0,1.3265533001688437e-17,,,ok,26.73105525970459,True,True,20000.0,,,,,,,,,,,,,,,,,,,,,,,,"(256, 256, 256)",40.0,0.002,0.01,0.5,0.034445698959039296,0.034445698959039296,1.926841139793396
