d,n_walkers,n_steps,dt,D,omega,obs_noise,substeps,seed,correlation_length,drift_scale,resolution,n_features,backend,burn_in_tau,measure,n_eval,dt_actual,n_transitions,sim_seconds,config_key,estimator_name,estimator,label,supported_fraction,rms_true,rmse,nrmse,scale_ratio,cosine,nrmse_grad,nrmse_rot,rms_rot_true,nrmse_perp,param_bins,param_min_count,status,fit_seconds,use_support,scored_on_support,n_scored,param_bandwidth,param_local_linear,param_basis,param_degree,param_n_basis,diag_n_basis,diag_gram_cond,diag_truncated,diag_bound_mse,diag_resid_var,param_arch,param_grid,param_best_step,diag_best_step,diag_stopped_at,diag_refit_steps,diag_n_params,diag_fit_seconds,diag_grid,param_bandwidth_density,diag_bandwidth,diag_bandwidth_density,diag_bandwidth_silverman,param_hidden,param_epochs,param_lr,param_sigma_min,param_sigma_max,param_sigma_eval,diag_sigma_eval,diag_final_val_loss
2,32,3000,,0.3,0.0,0.0,1,0,0.45,1.0,128,512,auto,8.0,stationary,8000,0.001051221661005,96000,0.8545961380004883,17a1d1956a0e648d,binned_km,binned_km,Binned Kramers-Moyal,1.0,1.0555520304024684,0.7888548688939969,0.7473386874100528,1.0092982537090534,0.6667254697367967,0.5012935279840092,0.5542742213932795,0.0,1.182623995569776e-16,6.0,8.0,ok,0.054009199142456,,,,,,,,,,,,,,,,,,,,,,,,,,,,,,,,,,
2,128,3000,,0.3,0.0,0.0,1,0,0.45,1.0,128,512,auto,8.0,stationary,8000,0.001051221661005,384000,0.9488515853881836,0bc33d658fb44d14,binned_km,binned_km,Binned Kramers-Moyal,1.0,1.0555520304024684,0.5477353628396757,0.5189089188060501,0.9976852767460832,0.789010216388258,0.3909181785543532,0.3412468955056011,0.0,8.009506953283048e-17,8.0,8.0,ok,0.1319928169250488,,,,,,,,,,,,,,,,,,,,,,,,,,,,,,,,,,
2,512,3000,,0.3,0.0,0.0,1,0,0.45,1.0,128,512,auto,8.0,stationary,8000,0.001051221661005,1536000,1.700778245925903,e1da94ab2da5a61e,binned_km,binned_km,Binned Kramers-Moyal,1.0,1.0555520304024684,0.3895517038799161,0.3690502151100833,1.010558554706958,0.909072159267408,0.2506736480088011,0.2708519585802518,0.0,5.842987519817576e-17,12.0,8.0,ok,0.2913682460784912,,,,,,,,,,,,,,,,,,,,,,,,,,,,,,,,,,
2,2048,3000,,0.3,0.0,0.0,1,0,0.45,1.0,128,512,auto,8.0,stationary,8000,0.001051221661005,6144000,3.55812406539917,63d9b4f4d6046591,binned_km,binned_km,Binned Kramers-Moyal,1.0,1.0555520304024684,0.2828191517554473,0.2679348280421686,0.9983315651752912,0.942867932737098,0.1916417128288141,0.1872499024886924,0.0,4.2522647417183135e-17,17.0,8.0,ok,0.8804507255554199,,,,,,,,,,,,,,,,,,,,,,,,,,,,,,,,,,
3,32,3000,,0.3,0.0,0.0,1,0,0.45,1.0,128,512,auto,8.0,stationary,8000,0.0007540270040566,96000,2.4034199714660645,75f1123c7bac5e65,binned_km,binned_km,Binned Kramers-Moyal,1.0,0.9801180441339205,1.6271047237575031,1.660110976933693,1.7084335589747868,0.3090615929614779,1.000292210477257,0.9459420382038294,0.0,0.9276732235830938,4.0,8.0,ok,0.1770880222320556,,,,,,,,,,,,,,,,,,,,,,,,,,,,,,,,,,
3,128,3000,,0.3,0.0,0.0,1,0,0.45,1.0,128,512,auto,8.0,stationary,8000,0.0007540270040566,384000,4.545194149017334,f47724bcfae268a9,binned_km,binned_km,Binned Kramers-Moyal,1.0,0.9801180441339205,0.8817837268787766,0.8996709448992577,0.9932259661694732,0.5524113000180397,0.6203635683891672,0.474580077969754,0.0,0.4464645581741115,4.0,8.0,ok,0.1967718601226806,,,,,,,,,,,,,,,,,,,,,,,,,,,,,,,,,,
3,512,3000,,0.3,0.0,0.0,1,0,0.45,1.0,128,512,auto,8.0,stationary,8000,0.0007540270040566,1536000,16.242269039154053,bf5ddc65ad4ff324,binned_km,binned_km,Binned Kramers-Moyal,1.0,0.9801180441339205,0.7424890869878402,0.7575506760963057,1.0607077322896277,0.70324865980757,0.4692690585128187,0.4235942761298841,0.0,0.4174176167897829,6.0,8.0,ok,0.383378267288208,,,,,,,,,,,,,,,,,,,,,,,,,,,,,,,,,,
3,2048,3000,,0.3,0.0,0.0,1,0,0.45,1.0,128,512,auto,8.0,stationary,8000,0.0007540270040566,6144000,64.37942361831665,c6b504a6fcf604cd,binned_km,binned_km,Binned Kramers-Moyal,1.0,0.9801180441339205,0.5523031341434614,0.5635067504868795,1.0242579523009436,0.8017417450714959,0.3384036680905666,0.3215809912463578,0.0,0.3156081135461216,8.0,8.0,ok,1.4615106582641602,,,,,,,,,,,,,,,,,,,,,,,,,,,,,,,,,,
5,32,3000,,0.3,0.0,0.0,1,0,0.45,1.0,128,512,auto,8.0,stationary,4908,0.0002659278433685,96000,1.0815978050231934,4acde80d0d9192cf,binned_km,binned_km,Binned Kramers-Moyal,0.6135,0.975633227737812,15.716611240544225,16.109138960945522,16.110630618558673,0.0410875210320553,7.259346962856052,7.120412223707747,0.0,12.494237451737456,4.0,8.0,ok,0.2139778137207031,,,,,,,,,,,,,,,,,,,,,,,,,,,,,,,,,,
5,128,3000,,0.3,0.0,0.0,1,0,0.45,1.0,128,512,auto,8.0,stationary,7802,0.0002659278433685,384000,3.681884288787842,308ebd88491df0f1,binned_km,binned_km,Binned Kramers-Moyal,0.97525,0.9819295586113136,9.253101554424362,9.423386304319518,9.42802653253689,0.0664024322083893,4.102500522321783,4.475549709697007,0.0,7.206882384278045,4.0,8.0,ok,0.3016781806945801,,,,,,,,,,,,,,,,,,,,,,,,,,,,,,,,,,
5,512,3000,,0.3,0.0,0.0,1,0,0.45,1.0,128,512,auto,8.0,stationary,8000,0.0002659278433685,1536000,23.61514925956726,c09f7f9a9498873e,binned_km,binned_km,Binned Kramers-Moyal,1.0,0.9827513992501724,3.2482522703298966,3.305263439775587,3.2863665125483124,0.140556464170188,1.5403813928991332,1.4247698440620866,0.0,2.5538250649131333,4.0,8.0,ok,0.8822228908538818,,,,,,,,,,,,,,,,,,,,,,,,,,,,,,,,,,
5,2048,3000,,0.3,0.0,0.0,1,0,0.45,1.0,128,512,auto,8.0,stationary,8000,0.0002659278433685,6144000,85.82918238639832,fe2af57f747b3b66,binned_km,binned_km,Binned Kramers-Moyal,1.0,0.9827513992501724,1.5936170404712284,1.621587149799165,1.5644002850441523,0.2455623481818493,0.9060782742061784,0.6671325572890333,0.0,1.167690539659514,4.0,8.0,ok,2.4308671951293945,,,,,,,,,,,,,,,,,,,,,,,,,,,,,,,,,,
10,32,3000,,0.3,0.0,0.0,1,0,0.45,1.0,128,512,auto,8.0,stationary,13,0.0001619002560382,96000,1.4596920013427734,68d4d4c1dbd8754f,binned_km,binned_km,Binned Kramers-Moyal,0.001625,0.8871297241701328,40.35329366311299,45.4874778329196,45.37762946282835,-0.1154817272884039,15.780911582436742,11.121340300495486,0.0,41.18724631664808,4.0,8.0,ok,0.5236752033233643,,,,,,,,,,,,,,,,,,,,,,,,,,,,,,,,,,
10,128,3000,,0.3,0.0,0.0,1,0,0.45,1.0,128,512,auto,8.0,stationary,50,0.0001619002560382,384000,5.649700403213501,bd178abbcea9c6df,binned_km,binned_km,Binned Kramers-Moyal,0.00625,0.9707118928976622,33.72657764751604,34.74416857801049,34.75812134574097,0.0405982430598066,11.373075145536994,10.048429919791488,0.0,31.254431174766545,4.0,8.0,ok,0.7415962219238281,,,,,,,,,,,,,,,,,,,,,,,,,,,,,,,,,,
10,512,3000,,0.3,0.0,0.0,1,0,0.45,1.0,128,512,auto,8.0,stationary,212,0.0001619002560382,1536000,22.778143167495728,1e3ba7dde72c5154,binned_km,binned_km,Binned Kramers-Moyal,0.0265,1.0026765498181955,42.1245688005567,42.0121212650228,42.01528646116626,0.0249215769256426,13.482771203173314,13.291833113492292,0.0,37.50413825637021,4.0,8.0,ok,1.6079363822937012,,,,,,,,,,,,,,,,,,,,,,,,,,,,,,,,,,
10,2048,3000,,0.3,0.0,0.0,1,0,0.45,1.0,128,512,auto,8.0,stationary,812,0.0001619002560382,6144000,92.51521825790404,56d3405e535a3735,binned_km,binned_km,Binned Kramers-Moyal,0.1015,0.9868079399251192,40.75296791131894,41.29777058179259,41.31081178728265,0.0238619500859946,13.480357010568174,12.932946195231024,0.0,36.83102948066018,4.0,8.0,ok,5.484334707260132,,,,,,,,,,,,,,,,,,,,,,,,,,,,,,,,,,
2,32,3000,,0.3,0.0,0.0,1,0,0.45,1.0,128,512,auto,8.0,stationary,8000,0.001051221661005,96000,0.5259997844696045,17a1d1956a0e648d,kernel_nw,kernel,"Kernel, Nadaraya-Watson",1.0,1.0555520304024684,0.5179363763238565,0.4906782057217719,0.7163139539357208,0.8752432589172385,0.4240207030703097,0.2469241683960842,0.0,7.569499828385898e-17,,,ok,0.6539030075073242,True,True,8000.0,0.1771403948919068,False,,,,,,,,,,,,,,,,,,,,,,,,,,,,,
2,32,3000,,0.3,0.0,0.0,1,0,0.45,1.0,128,512,auto,8.0,stationary,8000,0.001051221661005,96000,0.5259997844696045,17a1d1956a0e648d,kernel_ll,kernel,"Kernel, local-linear",1.0,1.0555520304024684,0.4427096023710085,0.4194104976542075,0.7677048913604291,0.892896218355302,0.3461703818549462,0.2367936491313707,0.0,6.487186229144929e-17,,,ok,2.788931131362915,True,True,8000.0,0.2081524385898363,True,,,,,,,,,,,,,,,,,,,,,,,,,,,,,
2,128,3000,,0.3,0.0,0.0,1,0,0.45,1.0,128,512,auto,8.0,stationary,8000,0.001051221661005,384000,0.7250127792358398,0bc33d658fb44d14,kernel_nw,kernel,"Kernel, Nadaraya-Watson",1.0,1.0555520304024684,0.3229972951246056,0.30599845940465,0.8120490289680644,0.9491810415093112,0.2645161202835446,0.1538384843534302,0.0,4.706072397421016e-17,,,ok,1.582326889038086,True,True,8000.0,0.1308944841014897,False,,,,,,,,,,,,,,,,,,,,,,,,,,,,,
2,128,3000,,0.3,0.0,0.0,1,0,0.45,1.0,128,512,auto,8.0,stationary,8000,0.001051221661005,384000,0.7250127792358398,0bc33d658fb44d14,kernel_ll,kernel,"Kernel, local-linear",1.0,1.0555520304024684,0.2707806145272798,0.2565298599482914,0.8298786371811903,0.9547297298344348,0.2219379883445297,0.1286510721862565,0.0,3.9533949474632537e-17,,,ok,3.816231489181519,True,True,8000.0,0.1626295131926542,True,,,,,,,,,,,,,,,,,,,,,,,,,,,,,
2,512,3000,,0.3,0.0,0.0,1,0,0.45,1.0,128,512,auto,8.0,stationary,8000,0.001051221661005,1536000,1.4453749656677246,e1da94ab2da5a61e,kernel_nw,kernel,"Kernel, Nadaraya-Watson",1.0,1.0555520304024684,0.208580136725247,0.1976028947106644,0.9067248647274768,0.9711883342294948,0.1613847301076077,0.1140257553631133,0.0,3.123261542587181e-17,,,ok,6.90708589553833,True,True,8000.0,0.0893747912813537,False,,,,,,,,,,,,,,,,,,,,,,,,,,,,,
2,512,3000,,0.3,0.0,0.0,1,0,0.45,1.0,128,512,auto,8.0,stationary,8000,0.001051221661005,1536000,1.4453749656677246,e1da94ab2da5a61e,kernel_ll,kernel,"Kernel, local-linear",1.0,1.0555520304024684,0.18376681656965,0.1740954602679151,0.9131740962113906,0.9765026865699912,0.1409952717213654,0.1021252301741129,0.0,2.6839118012406685e-17,,,ok,17.38538932800293,True,True,8000.0,0.1111275102775161,True,,,,,,,,,,,,,,,,,,,,,,,,,,,,,
2,2048,3000,,0.3,0.0,0.0,1,0,0.45,1.0,128,512,auto,8.0,stationary,8000,0.001051221661005,6144000,4.29662036895752,63d9b4f4d6046591,kernel_nw,kernel,"Kernel, Nadaraya-Watson",1.0,1.0555520304024684,0.1425769718629572,0.1350733718058355,0.9363656847096056,0.990028467519444,0.1088091660292546,0.080033625177269,0.0,2.1089939184066722e-17,,,ok,23.30586338043213,True,True,8000.0,0.0676963432431141,False,,,,,,,,,,,,,,,,,,,,,,,,,,,,,
2,2048,3000,,0.3,0.0,0.0,1,0,0.45,1.0,128,512,auto,8.0,stationary,8000,0.001051221661005,6144000,4.29662036895752,63d9b4f4d6046591,kernel_ll,kernel,"Kernel, local-linear",1.0,1.0555520304024684,0.1228823898768764,0.1164152844554929,0.942205797548958,0.9918549247386104,0.0908306375908957,0.0728169879196104,0.0,1.795720779046983e-17,,,ok,37.65999889373779,True,True,8000.0,0.0814040280982341,True,,,,,,,,,,,,,,,,,,,,,,,,,,,,,
3,32,3000,,0.3,0.0,0.0,1,0,0.45,1.0,128,512,auto,8.0,stationary,8000,0.0007540270040566,96000,3.359307289123535,75f1123c7bac5e65,kernel_nw,kernel,"Kernel, Nadaraya-Watson",1.0,0.9801180441339205,0.8228190671380058,0.8395101713131793,0.4332105845287892,0.4987845734219246,0.787331208859512,0.1998780058376932,0.0,0.2119803719131804,,,ok,18.340107440948486,True,True,8000.0,0.3266194065337597,False,,,,,,,,,,,,,,,,,,,,,,,,,,,,,
3,32,3000,,0.3,0.0,0.0,1,0,0.45,1.0,128,512,auto,8.0,stationary,8000,0.0007540270040566,96000,3.359307289123535,75f1123c7bac5e65,kernel_ll,kernel,"Kernel, local-linear",1.0,0.9801180441339205,0.8086188060657383,0.8250218541586721,0.466692369760956,0.5123699339012229,0.7667305727435951,0.2066100379020402,0.0,0.2238248889149941,,,ok,144.69825339317322,True,True,8000.0,0.3354633398521222,True,,,,,,,,,,,,,,,,,,,,,,,,,,,,,
3,128,3000,,0.3,0.0,0.0,1,0,0.45,1.0,128,512,auto,8.0,stationary,8000,0.0007540270040566,384000,6.862192630767822,f47724bcfae268a9,kernel_nw,kernel,"Kernel, Nadaraya-Watson",1.0,0.9801180441339205,0.5439787762421213,0.5550135307658857,0.7215276935661532,0.817572099782644,0.4526858625701503,0.2306517990762795,0.0,0.223417270472113,,,ok,21.066107034683228,True,True,8000.0,0.1997688370440258,False,,,,,,,,,,,,,,,,,,,,,,,,,,,,,
3,128,3000,,0.3,0.0,0.0,1,0,0.45,1.0,128,512,auto,8.0,stationary,8000,0.0007540270040566,384000,6.862192630767822,f47724bcfae268a9,kernel_ll,kernel,"Kernel, local-linear",1.0,0.9801180441339205,0.5111029922234822,0.5214708527023574,0.7317647392542003,0.8364516027719598,0.4299384332187074,0.2097277199673836,0.0,0.2076031727523677,,,ok,146.3903636932373,True,True,8000.0,0.2291946481701715,True,,,,,,,,,,,,,,,,,,,,,,,,,,,,,
3,512,3000,,0.3,0.0,0.0,1,0,0.45,1.0,128,512,auto,8.0,stationary,8000,0.0007540270040566,1536000,29.61487865447998,bf5ddc65ad4ff324,kernel_nw,kernel,"Kernel, Nadaraya-Watson",1.0,0.9801180441339205,0.4064593314042921,0.4147044673210349,0.7571778480804385,0.9197565711490818,0.3422816916459088,0.1715185915917749,0.0,0.1593876140683843,,,ok,32.949493169784546,True,True,8000.0,0.1567114333795176,False,,,,,,,,,,,,,,,,,,,,,,,,,,,,,
3,512,3000,,0.3,0.0,0.0,1,0,0.45,1.0,128,512,auto,8.0,stationary,8000,0.0007540270040566,1536000,29.61487865447998,bf5ddc65ad4ff324,kernel_ll,kernel,"Kernel, local-linear",1.0,0.9801180441339205,0.3791323481145451,0.3868231488887287,0.7809209845239267,0.9266264989394024,0.3142803267770603,0.1679262885867134,0.0,0.1505350003108499,,,ok,158.9444534778595,True,True,8000.0,0.1695032631162745,True,,,,,,,,,,,,,,,,,,,,,,,,,,,,,
3,2048,3000,,0.3,0.0,0.0,1,0,0.45,1.0,128,512,auto,8.0,stationary,8000,0.0007540270040566,6144000,103.66601538658142,c6b504a6fcf604cd,kernel_nw,kernel,"Kernel, Nadaraya-Watson",1.0,0.9801180441339205,0.280647446997289,0.2863404552920793,0.8309960141711598,0.9594481516688133,0.2262317874603664,0.1257658473894175,0.0,0.1224458505208917,,,ok,72.39126300811768,True,True,8000.0,0.1223233218775343,False,,,,,,,,,,,,,,,,,,,,,,,,,,,,,
3,2048,3000,,0.3,0.0,0.0,1,0,0.45,1.0,128,512,auto,8.0,stationary,8000,0.0007540270040566,6144000,103.66601538658142,c6b504a6fcf604cd,kernel_ll,kernel,"Kernel, local-linear",1.0,0.9801180441339205,0.255647598667545,0.260833478372952,0.8473558142610602,0.9644623140776216,0.2032962269784148,0.1154876439537786,0.0,0.1156172635486559,,,ok,200.58687949180603,True,True,8000.0,0.1333083961927419,True,,,,,,,,,,,,,,,,,,,,,,,,,,,,,
5,32,3000,,0.3,0.0,0.0,1,0,0.45,1.0,128,512,auto,8.0,stationary,8000,0.0002659278433685,96000,1.5470945835113523,4acde80d0d9192cf,kernel_nw,kernel,"Kernel, Nadaraya-Watson",1.0,0.9827513992501724,1.0579024066556104,1.0764700080435166,0.4265436425078254,0.013274129729715,1.010076326953106,0.1739606496791756,0.0,0.3290458696129318,,,ok,36.53494882583618,True,True,8000.0,0.6720421556125787,False,,,,,,,,,,,,,,,,,,,,,,,,,,,,,
5,32,3000,,0.3,0.0,0.0,1,0,0.45,1.0,128,512,auto,8.0,stationary,8000,0.0002659278433685,96000,1.5470945835113523,4acde80d0d9192cf,kernel_ll,kernel,"Kernel, local-linear",1.0,0.9827513992501724,1.0638237634223586,1.0824952925368951,0.4422909693490097,0.0146356228708433,1.010890885572487,0.1757314057993628,0.0,0.3449842733325545,,,ok,67.64507293701172,True,True,8000.0,0.6720421556125787,True,,,,,,,,,,,,,,,,,,,,,,,,,,,,,
5,128,3000,,0.3,0.0,0.0,1,0,0.45,1.0,128,512,auto,8.0,stationary,8000,0.0002659278433685,384000,4.653854131698608,308ebd88491df0f1,kernel_nw,kernel,"Kernel, Nadaraya-Watson",1.0,0.9827513992501724,0.9905574283829413,1.0079430353787586,0.3126571122666553,0.1165268542840001,0.9683023573624088,0.1312428318794557,0.0,0.2472145351212349,,,ok,30.757493019104004,True,True,8000.0,0.5083715442202194,False,,,,,,,,,,,,,,,,,,,,,,,,,,,,,
5,128,3000,,0.3,0.0,0.0,1,0,0.45,1.0,128,512,auto,8.0,stationary,8000,0.0002659278433685,384000,4.653854131698608,308ebd88491df0f1,kernel_ll,kernel,"Kernel, local-linear",1.0,0.9827513992501724,0.9876209850710058,1.004955053561408,0.3052515085245683,0.1221818928483529,0.9671131247007,0.1258483429558335,0.0,0.2424645505749897,,,ok,85.54121327400208,True,True,8000.0,0.5181844508677058,True,,,,,,,,,,,,,,,,,,,,,,,,,,,,,
5,512,3000,,0.3,0.0,0.0,1,0,0.45,1.0,128,512,auto,8.0,stationary,8000,0.0002659278433685,1536000,42.65292310714722,c09f7f9a9498873e,kernel_nw,kernel,"Kernel, Nadaraya-Watson",1.0,0.9827513992501724,0.9371963647496176,0.9536454137482654,0.2717501858377944,0.2914315752154571,0.9243148954093674,0.1006091173133865,0.0,0.2120362110604973,,,ok,31.58125686645508,True,True,8000.0,0.390017061232337,False,,,,,,,,,,,,,,,,,,,,,,,,,,,,,
5,512,3000,,0.3,0.0,0.0,1,0,0.45,1.0,128,512,auto,8.0,stationary,8000,0.0002659278433685,1536000,42.65292310714722,c09f7f9a9498873e,kernel_ll,kernel,"Kernel, local-linear",1.0,0.9827513992501724,0.9332676474151168,0.9496477421728312,0.293000329172604,0.3012806143030148,0.9157058566208912,0.1075931619416079,0.0,0.2274584134903838,,,ok,86.03536176681519,True,True,8000.0,0.3828110769423772,True,,,,,,,,,,,,,,,,,,,,,,,,,,,,,
5,2048,3000,,0.3,0.0,0.0,1,0,0.45,1.0,128,512,auto,8.0,stationary,8000,0.0002659278433685,6144000,118.24561023712158,fe2af57f747b3b66,kernel_nw,kernel,"Kernel, Nadaraya-Watson",1.0,0.9827513992501724,0.9118429470614302,0.927847009688468,0.1746335732421701,0.4613298043780457,0.9175264889039848,0.0675397467321423,0.0,0.120347821578605,,,ok,32.65970039367676,True,True,8000.0,0.379546102835422,False,,,,,,,,,,,,,,,,,,,,,,,,,,,,,
5,2048,3000,,0.3,0.0,0.0,1,0,0.45,1.0,128,512,auto,8.0,stationary,8000,0.0002659278433685,6144000,118.24561023712158,fe2af57f747b3b66,kernel_ll,kernel,"Kernel, local-linear",1.0,0.9827513992501724,0.908583840761538,0.9245307017164022,0.1801633210878209,0.4673573303280628,0.9136302152722852,0.0687958165434735,0.0,0.123709271212215,,,ok,84.85096073150635,True,True,8000.0,0.379395885039501,True,,,,,,,,,,,,,,,,,,,,,,,,,,,,,
10,32,3000,,0.3,0.0,0.0,1,0,0.45,1.0,128,512,auto,8.0,stationary,8000,0.0001619002560382,96000,1.8335468769073489,68d4d4c1dbd8754f,kernel_nw,kernel,"Kernel, Nadaraya-Watson",1.0,1.0024117095620202,1.3244812811815962,1.3212947021142607,0.8627483063112542,-0.0003612379284733,1.03830704145688,0.2696292277323962,0.0,0.7713872289898926,,,ok,34.68997764587402,True,True,8000.0,0.7152039405282125,False,,,,,,,,,,,,,,,,,,,,,,,,,,,,,
10,32,3000,,0.3,0.0,0.0,1,0,0.45,1.0,128,512,auto,8.0,stationary,8000,0.0001619002560382,96000,1.8335468769073489,68d4d4c1dbd8754f,kernel_ll,kernel,"Kernel, local-linear",1.0,1.0024117095620202,1.3989201956102852,1.3955545234218285,0.9739532249091056,-0.0001358920420503,1.047881174384483,0.2921317275373858,0.0,0.8741719087111789,,,ok,90.87015271186829,True,True,8000.0,0.7152039405282125,True,,,,,,,,,,,,,,,,,,,,,,,,,,,,,
10,128,3000,,0.3,0.0,0.0,1,0,0.45,1.0,128,512,auto,8.0,stationary,8000,0.0001619002560382,384000,10.614160299301147,bd178abbcea9c6df,kernel_nw,kernel,"Kernel, Nadaraya-Watson",1.0,1.0024117095620202,1.086743589371954,1.0841289851320477,0.4202002594320221,0.0017629957815136,1.0086161224621195,0.1417915830378349,0.0,0.3713816377966832,,,ok,50.47535753250122,True,True,8000.0,0.6806561236147952,False,,,,,,,,,,,,,,,,,,,,,,,,,,,,,
10,128,3000,,0.3,0.0,0.0,1,0,0.45,1.0,128,512,auto,8.0,stationary,8000,0.0001619002560382,384000,10.614160299301147,bd178abbcea9c6df,kernel_ll,kernel,"Kernel, local-linear",1.0,1.0024117095620202,1.0878771794386115,1.085259847886188,0.42290203546362,0.0015154119760908,1.008823172043504,0.1434614812534495,0.0,0.3734749635231255,,,ok,120.64532995224,True,True,8000.0,0.6806561236147952,True,,,,,,,,,,,,,,,,,,,,,,,,,,,,,
10,512,3000,,0.3,0.0,0.0,1,0,0.45,1.0,128,512,auto,8.0,stationary,8000,0.0001619002560382,1536000,41.33369493484497,1e3ba7dde72c5154,kernel_nw,kernel,"Kernel, Nadaraya-Watson",1.0,1.0024117095620202,1.0215712005421234,1.0191133950225646,0.2124977817753523,0.0120616070200524,0.9990568393958348,0.0667755727863706,0.0,0.1897855801947938,,,ok,50.6403694152832,True,True,8000.0,0.6806561236147952,False,,,,,,,,,,,,,,,,,,,,,,,,,,,,,
10,512,3000,,0.3,0.0,0.0,1,0,0.45,1.0,128,512,auto,8.0,stationary,8000,0.0001619002560382,1536000,41.33369493484497,1e3ba7dde72c5154,kernel_ll,kernel,"Kernel, local-linear",1.0,1.0024117095620202,1.0219155934720894,1.0194569593750964,0.214148896536799,0.01196595871125,0.9990936795596927,0.0677167772084172,0.0,0.1910987953041487,,,ok,123.76883840560912,True,True,8000.0,0.6806561236147952,True,,,,,,,,,,,,,,,,,,,,,,,,,,,,,
10,2048,3000,,0.3,0.0,0.0,1,0,0.45,1.0,128,512,auto,8.0,stationary,8000,0.0001619002560382,6144000,120.83424878120422,56d3405e535a3735,kernel_nw,kernel,"Kernel, Nadaraya-Watson",1.0,1.0024117095620202,1.0065477569922177,1.0041260964838536,0.1073910724317888,0.0120102312785992,0.9989337592985308,0.0320547121049901,0.0,0.0968145526533711,,,ok,52.80881381034851,True,True,8000.0,0.6795040426479196,False,,,,,,,,,,,,,,,,,,,,,,,,,,,,,
10,2048,3000,,0.3,0.0,0.0,1,0,0.45,1.0,128,512,auto,8.0,stationary,8000,0.0001619002560382,6144000,120.83424878120422,56d3405e535a3735,kernel_ll,kernel,"Kernel, local-linear",1.0,1.0024117095620202,1.006544349056612,1.0041226967474246,0.1075671616548522,0.0122096711970849,0.998911333467354,0.0322311468363814,0.0,0.0969520044527439,,,ok,124.77749919891356,True,True,8000.0,0.6795040426479196,True,,,,,,,,,,,,,,,,,,,,,,,,,,,,,
2,32,3000,,0.3,0.0,0.0,1,0,0.45,1.0,128,512,auto,8.0,stationary,8000,0.001051221661005,96000,0.0198495388031005,17a1d1956a0e648d,sfi,sfi,Basis projection (SFI),1.0,1.0555520304024684,0.4729571660661503,0.448066180011816,0.9826919226091086,0.878042372770586,0.2963102090103653,0.3361005232168119,0.0,7.136667662554792e-17,,,ok,6.209340810775757,True,True,8000.0,,,fourier,4.0,13.0,13.0,11.962381934225382,0.0,0.1551143888996062,572.7300513216229,,,,,,,,,,,,,,,,,,,,,
2,128,3000,,0.3,0.0,0.0,1,0,0.45,1.0,128,512,auto,8.0,stationary,8000,0.001051221661005,384000,0.0260729789733886,0bc33d658fb44d14,sfi,sfi,Basis projection (SFI),1.0,1.0555520304024684,0.2795951059378375,0.2648804586461091,0.9563779098142052,0.9456801861585888,0.1836717702812224,0.1908568525736893,0.0,4.158369556866409e-17,,,ok,4.056678533554077,True,True,8000.0,,,fourier,4.0,13.0,13.0,13.19147548853866,0.0,0.0387046284541429,571.6375894765731,,,,,,,,,,,,,,,,,,,,,
2,512,3000,,0.3,0.0,0.0,1,0,0.45,1.0,128,512,auto,8.0,stationary,8000,0.001051221661005,1536000,0.0349657535552978,e1da94ab2da5a61e,sfi,sfi,Basis projection (SFI),1.0,1.0555520304024684,0.1354940256790498,0.1283631898537371,0.9954324233375385,0.9868068901685774,0.0867422808558261,0.0946196872820638,0.0,2.0528683400130202e-17,,,ok,6.326032161712647,True,True,8000.0,,,fourier,5.0,21.0,21.0,23.282676981902235,0.0,0.015594788005195,570.3236756185623,,,,,,,,,,,,,,,,,,,,,
2,2048,3000,,0.3,0.0,0.0,1,0,0.45,1.0,128,512,auto,8.0,stationary,8000,0.001051221661005,6144000,0.0963823795318603,63d9b4f4d6046591,sfi,sfi,Basis projection (SFI),1.0,1.0555520304024684,0.0870800441968303,0.0824971594850022,0.993337267784568,0.9930470856652208,0.053961950925174,0.062401035051055,0.0,1.284361331382484e-17,,,ok,20.97914409637451,True,True,8000.0,,,fourier,10.0,37.0,37.0,24.243023204062883,0.0,0.0068706854713838,570.4525883267855,,,,,,,,,,,,,,,,,,,,,
3,32,3000,,0.3,0.0,0.0,1,0,0.45,1.0,128,512,auto,8.0,stationary,8000,0.0007540270040566,96000,1.509361743927002,75f1123c7bac5e65,sfi,sfi,Basis projection (SFI),1.0,0.9801180441339205,0.9850048425712328,1.00498592844664,0.0966005266106507,-0.0164197674909734,1.0017962103111435,0.0656067753462357,0.0,0.0457910516439049,,,ok,2.154758214950561,True,True,8000.0,,,fourier,0.0,1.0,1.0,1.0,0.0,0.0249832496686974,799.4639893983173,,,,,,,,,,,,,,,,,,,,,
3,128,3000,,0.3,0.0,0.0,1,0,0.45,1.0,128,512,auto,8.0,stationary,8000,0.0007540270040566,384000,1.4741129875183103,f47724bcfae268a9,sfi,sfi,Basis projection (SFI),1.0,0.9801180441339205,0.5435893922985262,0.5546162480651685,1.0298851186778473,0.8082212456378184,0.3408486853341505,0.3079204970443137,0.0,0.310815578476769,,,ok,2.854008436203003,True,True,8000.0,,,fourier,3.0,27.0,27.0,12.241635063274131,0.0,0.1678369090695777,795.6712726261461,,,,,,,,,,,,,,,,,,,,,
3,512,3000,,0.3,0.0,0.0,1,0,0.45,1.0,128,512,auto,8.0,stationary,8000,0.0007540270040566,1536000,1.4609394073486328,bf5ddc65ad4ff324,sfi,sfi,Basis projection (SFI),1.0,0.9801180441339205,0.3577017128188384,0.364957787441737,1.0180109183181474,0.9231897599600516,0.2204313114309629,0.2155500669101798,0.0,0.1953007737061247,,,ok,6.7449727058410645,True,True,8000.0,,,fourier,5.0,57.0,57.0,12.04816897299876,0.0,0.088530615001114,795.2223663257967,,,,,,,,,,,,,,,,,,,,,
3,2048,3000,,0.3,0.0,0.0,1,0,0.45,1.0,128,512,auto,8.0,stationary,8000,0.0007540270040566,6144000,1.5568807125091553,c6b504a6fcf604cd,sfi,sfi,Basis projection (SFI),1.0,0.9801180441339205,0.1909764018727489,0.1948504091071039,1.0082478036899558,0.9732713829448082,0.1020175645921836,0.1126952761972493,0.0,0.1218969776766883,,,ok,26.006160020828247,True,True,8000.0,,,fourier,6.0,81.0,81.0,15.794735136655095,0.0,0.0314587241291429,795.4008273640087,,,,,,,,,,,,,,,,,,,,,
5,32,3000,,0.3,0.0,0.0,1,0,0.45,1.0,128,512,auto,8.0,stationary,8000,0.0002659278433685,96000,0.2315676212310791,4acde80d0d9192cf,sfi,sfi,Basis projection (SFI),1.0,0.9827513992501724,1.04105677391463,1.0593287119295314,0.3534418662524598,-0.0035518498471819,1.0138704388914426,0.1507977806061647,0.0,0.267402472734656,,,ok,1.5348150730133057,True,True,8000.0,,,fourier,0.0,1.0,1.0,1.0,0.0,0.1178230084652337,2262.201762532489,,,,,,,,,,,,,,,,,,,,,
5,128,3000,,0.3,0.0,0.0,1,0,0.45,1.0,128,512,auto,8.0,stationary,8000,0.0002659278433685,384000,0.1907458305358886,308ebd88491df0f1,sfi,sfi,Basis projection (SFI),1.0,0.9827513992501724,1.0012535931747426,1.018826932160755,0.1958923382243391,-0.0013578471790581,1.0032704556702088,0.0614789429947187,0.0,0.1663642090223718,,,ok,2.1254475116729736,True,True,8000.0,,,fourier,0.0,1.0,1.0,1.0,0.0,0.0293636326786737,2255.126989722146,,,,,,,,,,,,,,,,,,,,,
5,512,3000,,0.3,0.0,0.0,1,0,0.45,1.0,128,512,auto,8.0,stationary,8000,0.0002659278433685,1536000,0.225438117980957,c09f7f9a9498873e,sfi,sfi,Basis projection (SFI),1.0,0.9827513992501724,0.9880077531762982,1.0053486099639606,0.0961973185223381,-0.0071696927275366,1.001499279124478,0.0212192567125993,0.0,0.0852922306789023,,,ok,5.069326877593994,True,True,8000.0,,,fourier,0.0,1.0,1.0,1.0,0.0,0.0073359272771235,2253.5968595323443,,,,,,,,,,,,,,,,,,,,,
5,2048,3000,,0.3,0.0,0.0,1,0,0.45,1.0,128,512,auto,8.0,stationary,8000,0.0002659278433685,6144000,0.3273918628692627,fe2af57f747b3b66,sfi,sfi,Basis projection (SFI),1.0,0.9827513992501724,0.9292861562302172,0.945596370495378,0.5143009614612166,0.3451962442947984,0.8414736196191606,0.1986620638516556,0.0,0.3828942775300524,,,ok,17.814775705337524,True,True,8000.0,,,fourier,2.0,51.0,51.0,3.3680776918881734,0.0,0.0936359604504702,2256.0758470889773,,,,,,,,,,,,,,,,,,,,,
10,32,3000,,0.3,0.0,0.0,1,0,0.45,1.0,128,512,auto,8.0,stationary,8000,0.0001619002560382,96000,0.3649201393127441,68d4d4c1dbd8754f,sfi,sfi,Basis projection (SFI),1.0,1.0024117095620202,1.193491234154988,1.1906198049865713,0.6403700417468514,-0.0043215921964783,1.0253734804444423,0.2008578375569425,0.0,0.5708247320495669,,,ok,0.8527367115020752,True,True,8000.0,,,fourier,0.0,1.0,1.0,1.0,0.0,0.3866010824456985,3711.370391478706,,,,,,,,,,,,,,,,,,,,,
10,128,3000,,0.3,0.0,0.0,1,0,0.45,1.0,128,512,auto,8.0,stationary,8000,0.0001619002560382,384000,0.3155684471130371,bd178abbcea9c6df,sfi,sfi,Basis projection (SFI),1.0,1.0024117095620202,1.036156269123655,1.0336633732824,0.2594116398085463,-0.0010987001331052,1.0044088870689756,0.1005172523914109,0.0,0.2225287370523034,,,ok,1.159358024597168,True,True,8000.0,,,fourier,0.0,1.0,1.0,1.0,0.0,0.0964286069721968,3702.858507732357,,,,,,,,,,,,,,,,,,,,,
10,512,3000,,0.3,0.0,0.0,1,0,0.45,1.0,128,512,auto,8.0,stationary,8000,0.0001619002560382,1536000,0.3940083980560303,1e3ba7dde72c5154,sfi,sfi,Basis projection (SFI),1.0,1.0024117095620202,1.0090674514138205,1.006639728754474,0.1148197966304881,-0.0008234932990433,1.0007419823217476,0.0373707637982004,0.0,0.102188327800972,,,ok,2.580991268157959,True,True,8000.0,,,fourier,0.0,1.0,1.0,1.0,0.0,0.0241130596085014,3703.765955865825,,,,,,,,,,,,,,,,,,,,,
10,2048,3000,,0.3,0.0,0.0,1,0,0.45,1.0,128,512,auto,8.0,stationary,8000,0.0001619002560382,6144000,0.6416208744049072,56d3405e535a3735,sfi,sfi,Basis projection (SFI),1.0,1.0024117095620202,1.003992583879744,1.0015770708808007,0.0608806577186146,0.004374175393275,0.9999021362799262,0.0183559117924975,0.0,0.0549127242018695,,,ok,8.490859270095825,True,True,8000.0,,,fourier,0.0,1.0,1.0,1.0,0.0,0.0060325110484619,3706.374788175038,,,,,,,,,,,,,,,,,,,,,
2,32,3000,,0.3,0.0,0.0,1,0,0.45,1.0,128,512,auto,8.0,stationary,8000,0.001051221661005,96000,0.0138514041900634,17a1d1956a0e648d,nn_cnn,nn,"Neural network, CNN",1.0,1.0555520304024684,0.9384739215868224,0.8890835264927628,0.8265576258132227,0.4767894566589883,0.7009755988064175,0.5469028496532009,0.0,1.3995183085824495e-16,,,ok,59.67583179473877,True,True,8000.0,,,,,,,,,,,cnn,64.0,25.0,25.0,350.0,25.0,45250.0,59.66332983970642,64.0,,,,,,,,,,,,
2,128,3000,,0.3,0.0,0.0,1,0,0.45,1.0,128,512,auto,8.0,stationary,8000,0.001051221661005,384000,0.0156252384185791,0bc33d658fb44d14,nn_cnn,nn,"Neural network, CNN",1.0,1.0555520304024684,0.2408625516037312,0.2281863372588971,0.9907424284490816,0.9587486820267356,0.1339574688904931,0.1847279108312647,0.0,3.541647873725249e-17,,,ok,83.26401662826538,True,True,8000.0,,,,,,,,,,,cnn,16.0,125.0,125.0,450.0,125.0,37570.0,83.24184441566467,16.0,,,,,,,,,,,,
2,512,3000,,0.3,0.0,0.0,1,0,0.45,1.0,128,512,auto,8.0,stationary,8000,0.001051221661005,1536000,0.0422096252441406,e1da94ab2da5a61e,nn_cnn,nn,"Neural network, CNN",1.0,1.0555520304024684,0.2476032769764125,0.234572308938674,0.9956479007749562,0.9684248025483102,0.1537924508950031,0.1771215688969832,0.0,3.713688141123815e-17,,,ok,60.25269079208374,True,True,8000.0,,,,,,,,,,,cnn,32.0,75.0,75.0,400.0,75.0,39106.0,60.23650026321411,32.0,,,,,,,,,,,,
2,2048,3000,,0.3,0.0,0.0,1,0,0.45,1.0,128,512,auto,8.0,stationary,8000,0.001051221661005,6144000,0.0760815143585205,63d9b4f4d6046591,nn_cnn,nn,"Neural network, CNN",1.0,1.0555520304024684,0.0933474364961736,0.0884347088608995,0.9946108899205586,0.9921824368361069,0.057423162316807,0.0672553206880295,0.0,1.3819221875403396e-17,,,ok,101.27776861190796,True,True,8000.0,,,,,,,,,,,cnn,32.0,150.0,150.0,475.0,150.0,39106.0,101.26357936859132,32.0,,,,,,,,,,,,
3,32,3000,,0.3,0.0,0.0,1,0,0.45,1.0,128,512,auto,8.0,stationary,8000,0.0007540270040566,96000,1.7027006149291992,75f1123c7bac5e65,nn_cnn,nn,"Neural network, CNN",1.0,0.9801180441339205,0.9368679097775368,0.9558725251358864,0.6908862285249537,0.3823898240564147,0.8040265052291413,0.3830465301544592,0.0,0.3471440895871603,,,ok,130.58937096595764,True,True,8000.0,,,,,,,,,,,cnn,8.0,25.0,25.0,350.0,25.0,57507.0,130.47207355499268,8.0,,,,,,,,,,,,
3,128,3000,,0.3,0.0,0.0,1,0,0.45,1.0,128,512,auto,8.0,stationary,8000,0.0007540270040566,384000,1.6957175731658936,f47724bcfae268a9,nn_cnn,nn,"Neural network, CNN",1.0,0.9801180441339205,0.564397077591557,0.5758460228025752,1.0948183538653409,0.8125275542211347,0.3372886323022156,0.3165262383221427,0.0,0.3429958614194621,,,ok,95.4306013584137,True,True,8000.0,,,,,,,,,,,cnn,8.0,50.0,50.0,375.0,50.0,57507.0,95.263343334198,8.0,,,,,,,,,,,,
3,512,3000,,0.3,0.0,0.0,1,0,0.45,1.0,128,512,auto,8.0,stationary,8000,0.0007540270040566,1536000,1.7114191055297852,bf5ddc65ad4ff324,nn_cnn,nn,"Neural network, CNN",1.0,0.9801180441339205,0.3234855600610645,0.3300475509018017,1.0059660068339702,0.9343624302514988,0.1869605720720354,0.2037724533086337,0.0,0.1801497089072179,,,ok,47.27406144142151,True,True,8000.0,,,,,,,,,,,cnn,8.0,75.0,75.0,400.0,75.0,57507.0,47.11317706108093,8.0,,,,,,,,,,,,
3,2048,3000,,0.3,0.0,0.0,1,0,0.45,1.0,128,512,auto,8.0,stationary,8000,0.0007540270040566,6144000,1.7720928192138672,c6b504a6fcf604cd,nn_cnn,nn,"Neural network, CNN",1.0,0.9801180441339205,0.219603197883241,0.2240579073077804,1.0204722379219044,0.9688350887407896,0.1203333749789274,0.1250110927300288,0.0,0.1417534880973548,,,ok,99.8323802947998,True,True,8000.0,,,,,,,,,,,cnn,16.0,150.0,150.0,475.0,150.0,112867.0,99.68993306159972,16.0,,,,,,,,,,,,
2,32,3000,,0.3,0.0,0.0,1,0,0.45,1.0,128,512,auto,8.0,stationary,8000,0.001051221661005,96000,0.0097715854644775,17a1d1956a0e648d,nn_mlp,nn,"Neural network, MLP",1.0,1.0555520304024684,0.4735256700105798,0.4486047644946792,0.8689806528332666,0.8582682340249658,0.31041539549864,0.3238649671772937,0.0,6.911529270661013e-17,,,ok,43.77897596359253,True,True,8000.0,,,,,,,,,,,mlp,,500.0,500.0,1600.0,615.0,33922.0,43.74529385566712,,,,,,,,,,,,,
2,128,3000,,0.3,0.0,0.0,1,0,0.45,1.0,128,512,auto,8.0,stationary,8000,0.001051221661005,384000,0.0160012245178222,0bc33d658fb44d14,nn_mlp,nn,"Neural network, MLP",1.0,1.0555520304024684,0.2465553506021348,0.233579533268603,0.8861960260211056,0.957015754059226,0.1736785254055955,0.1561895264571743,0.0,3.652760604488948e-17,,,ok,52.31456017494202,True,True,8000.0,,,,,,,,,,,mlp,,600.0,600.0,1700.0,753.0,33922.0,52.24367809295654,,,,,,,,,,,,,
2,512,3000,,0.3,0.0,0.0,1,0,0.45,1.0,128,512,auto,8.0,stationary,8000,0.001051221661005,1536000,0.0290629863739013,e1da94ab2da5a61e,nn_mlp,nn,"Neural network, MLP",1.0,1.0555520304024684,0.1257456062257894,0.1191278142659099,0.9586341709290496,0.9860807362007744,0.0899802378863988,0.0780704356442323,0.0,1.8658039010016208e-17,,,ok,184.11574506759644,True,True,8000.0,,,,,,,,,,,mlp,,2400.0,2400.0,3700.0,2997.0,33922.0,183.89031100273127,,,,,,,,,,,,,
3,32,3000,,0.3,0.0,0.0,1,0,0.45,1.0,128,512,auto,8.0,stationary,8000,0.0007540270040566,96000,1.6020746231079102,75f1123c7bac5e65,nn_mlp,nn,"Neural network, MLP",1.0,0.9801180441339205,0.8120465240671871,0.8285191043337546,0.4295675159359798,0.5280606786258029,0.779710448032236,0.1787907782087587,0.0,0.2157067015715627,,,ok,13.470449447631836,True,True,8000.0,,,,,,,,,,,mlp,,200.0,200.0,1300.0,246.0,34307.0,13.332329988479614,,,,,,,,,,,,,
3,128,3000,,0.3,0.0,0.0,1,0,0.45,1.0,128,512,auto,8.0,stationary,8000,0.0007540270040566,384000,1.5845966339111328,f47724bcfae268a9,nn_mlp,nn,"Neural network, MLP",1.0,0.9801180441339205,0.5318344363478474,0.542622839698663,0.8852331745338885,0.7880160511269396,0.389449782702442,0.2727359304267321,0.0,0.2615024381720489,,,ok,38.9934549331665,True,True,8000.0,,,,,,,,,,,mlp,,600.0,600.0,1700.0,753.0,34307.0,38.79387903213501,,,,,,,,,,,,,
3,512,3000,,0.3,0.0,0.0,1,0,0.45,1.0,128,512,auto,8.0,stationary,8000,0.0007540270040566,1536000,1.7016513347625732,bf5ddc65ad4ff324,nn_mlp,nn,"Neural network, MLP",1.0,0.9801180441339205,0.3468670353102364,0.3539033256108909,0.9947726604185496,0.925301309390366,0.2214414232797741,0.205256010895103,0.0,0.1846110233049628,,,ok,174.84238862991333,True,True,8000.0,,,,,,,,,,,mlp,,2500.0,2500.0,3800.0,3122.0,34307.0,174.4641830921173,,,,,,,,,,,,,
5,32,3000,,0.3,0.0,0.0,1,0,0.45,1.0,128,512,auto,8.0,stationary,8000,0.0002659278433685,96000,0.2136428356170654,4acde80d0d9192cf,nn_mlp,nn,"Neural network, MLP",1.0,0.9827513992501724,1.0502908053835365,1.0687248129943094,0.3994219551303801,0.0111234008922701,1.0092287433071827,0.1756864715878279,0.0,0.3045723777583022,,,ok,20.47182059288025,True,True,8000.0,,,,,,,,,,,mlp,,100.0,100.0,1200.0,123.0,35077.0,20.15503168106079,,,,,,,,,,,,,
5,128,3000,,0.3,0.0,0.0,1,0,0.45,1.0,128,512,auto,8.0,stationary,8000,0.0002659278433685,384000,0.269073486328125,308ebd88491df0f1,nn_mlp,nn,"Neural network, MLP",1.0,0.9827513992501724,0.990493643915905,1.007878131409062,0.2327377758676682,0.0722624275707444,0.9859939925691352,0.08704011126064,0.0,0.1898899508187159,,,ok,19.92279529571533,True,True,8000.0,,,,,,,,,,,mlp,,100.0,100.0,1200.0,125.0,35077.0,19.540568351745605,,,,,,,,,,,,,
5,512,3000,,0.3,0.0,0.0,1,0,0.45,1.0,128,512,auto,8.0,stationary,8000,0.0002659278433685,1536000,0.2912189960479736,c09f7f9a9498873e,nn_mlp,nn,"Neural network, MLP",1.0,0.9827513992501724,0.972629284612323,0.9897002287195188,0.2288848396002961,0.1552335903029821,0.968425340917776,0.0855859834909015,0.0,0.1852942018133654,,,ok,35.69126391410828,True,True,8000.0,,,,,,,,,,,mlp,,300.0,300.0,1400.0,375.0,35077.0,35.02403020858765,,,,,,,,,,,,,
10,32,3000,,0.3,0.0,0.0,1,0,0.45,1.0,128,512,auto,8.0,stationary,8000,0.0001619002560382,96000,0.4263083934783935,68d4d4c1dbd8754f,nn_mlp,nn,"Neural network, MLP",1.0,1.0024117095620202,1.2718329217690936,1.2687730097693997,0.7856252207972299,0.0041998653763355,1.0278263851324505,0.2313965069991601,0.0,0.7069749139067442,,,ok,26.24274325370789,True,True,8000.0,,,,,,,,,,,mlp,,100.0,100.0,1200.0,123.0,37002.0,25.874956607818604,,,,,,,,,,,,,
10,128,3000,,0.3,0.0,0.0,1,0,0.45,1.0,128,512,auto,8.0,stationary,8000,0.0001619002560382,384000,0.4773151874542236,bd178abbcea9c6df,nn_mlp,nn,"Neural network, MLP",1.0,1.0024117095620202,1.1010964889307449,1.0984473529462686,0.4473178261731874,-0.0056002931239022,1.0143261140339142,0.1595317995806972,0.0,0.3902290692735066,,,ok,28.496034145355225,True,True,8000.0,,,,,,,,,,,mlp,,100.0,100.0,1200.0,125.0,37002.0,28.07830047607422,,,,,,,,,,,,,
10,512,3000,,0.3,0.0,0.0,1,0,0.45,1.0,128,512,auto,8.0,stationary,8000,0.0001619002560382,1536000,0.67378830909729,1e3ba7dde72c5154,nn_mlp,nn,"Neural network, MLP",1.0,1.0024117095620202,1.029215071345977,1.026738875382519,0.2385217355886398,0.0045528372497284,1.001488270351435,0.0750698491635147,0.0,0.2134911715196162,,,ok,41.05713319778442,True,True,8000.0,,,,,,,,,,,mlp,,100.0,100.0,1200.0,125.0,37002.0,40.07890725135803,,,,,,,,,,,,,
2,2048,3000,,0.3,0.0,0.0,1,0,0.45,1.0,128,512,auto,8.0,stationary,8000,0.001051221661005,6144000,0.0585224628448486,63d9b4f4d6046591,nn_mlp,nn,"Neural network, MLP",1.0,1.0555520304024684,0.0980535124408545,0.0928931114873304,0.9629600828359264,0.9957697756129544,0.0732604000853727,0.0571143059235487,0.0,1.4277144680159197e-17,,,ok,40.012850284576416,True,True,8000.0,,,,,,,,,,,mlp,,3400.0,3400.0,5200.0,4251.0,33922.0,35.49026823043823,,,,,,,,,,,,,
3,2048,3000,,0.3,0.0,0.0,1,0,0.45,1.0,128,512,auto,8.0,stationary,8000,0.0007540270040566,6144000,1.3903725147247314,c6b504a6fcf604cd,nn_mlp,nn,"Neural network, MLP",1.0,0.9801180441339205,0.2181632801379473,0.2225887804470806,0.9542271617602524,0.966078590425769,0.1383188888591944,0.12378655320651,0.0,0.1228435566520619,,,ok,87.40822100639343,True,True,8000.0,,,,,,,,,,,mlp,,7800.0,7800.0,11800.0,9752.0,34307.0,86.36259651184082,,,,,,,,,,,,,
5,2048,3000,,0.3,0.0,0.0,1,0,0.45,1.0,128,512,auto,8.0,stationary,8000,0.0002659278433685,6144000,0.3489515781402588,fe2af57f747b3b66,nn_mlp,nn,"Neural network, MLP",1.0,0.9827513992501724,0.9106182447372952,0.9266008122014234,0.7034510050985339,0.4167737949091623,0.74306784169014,0.2743818760326781,0.0,0.4807846024188824,,,ok,88.4297239780426,True,True,8000.0,,,,,,,,,,,mlp,,8400.0,8400.0,12700.0,10503.0,35077.0,87.07665300369263,,,,,,,,,,,,,
10,2048,3000,,0.3,0.0,0.0,1,0,0.45,1.0,128,512,auto,8.0,stationary,8000,0.0001619002560382,6144000,0.7079670429229736,56d3405e535a3735,nn_mlp,nn,"Neural network, MLP",1.0,1.0024117095620202,1.021303432839997,1.018846271544684,0.2000713476748776,0.0018979206299737,1.000938246929527,0.0605092696886585,0.0,0.1803024657510119,,,ok,7.753690481185913,True,True,8000.0,,,,,,,,,,,mlp,,100.0,100.0,1200.0,125.0,37002.0,5.40561318397522,,,,,,,,,,,,,
2,32,3000,,0.3,0.0,0.0,1,0,0.45,1.0,128,512,auto,8.0,stationary,8000,0.001051221661005,96000,0.0199723243713378,17a1d1956a0e648d,cnn_amortised,cnn_amortised,Amortised CNN,1.0,1.0555520304024684,0.3169223692368388,0.3002432472381304,0.9143773885807076,0.9306264682275298,0.2157112766927068,0.2088412138915582,0.0,4.7362556408903866e-17,,,ok,0.2325057983398437,True,True,8000.0,,,,,,,,,,,,64.0,,,,,,,,,,,,,,,,,,,
2,128,3000,,0.3,0.0,0.0,1,0,0.45,1.0,128,512,auto,8.0,stationary,8000,0.001051221661005,384000,0.0237364768981933,0bc33d658fb44d14,cnn_amortised,cnn_amortised,Amortised CNN,1.0,1.0555520304024684,0.1498420425998838,0.1419560933843791,0.9639651878043676,0.98609739694257,0.0964446674342001,0.1041631344212582,0.0,2.2362417671545825e-17,,,ok,0.3242263793945312,True,True,8000.0,,,,,,,,,,,,64.0,,,,,,,,,,,,,,,,,,,
2,512,3000,,0.3,0.0,0.0,1,0,0.45,1.0,128,512,auto,8.0,stationary,8000,0.001051221661005,1536000,0.0309810638427734,e1da94ab2da5a61e,cnn_amortised,cnn_amortised,Amortised CNN,1.0,1.0555520304024684,0.0959844959784314,0.0909329840821146,0.982620173088834,0.9950200935813418,0.0663450740713883,0.0621863227771195,0.0,1.418561268430105e-17,,,ok,0.5542628765106201,True,True,8000.0,,,,,,,,,,,,64.0,,,,,,,,,,,,,,,,,,,
2,2048,3000,,0.3,0.0,0.0,1,0,0.45,1.0,128,512,auto,8.0,stationary,8000,0.001051221661005,6144000,0.0826411247253418,63d9b4f4d6046591,cnn_amortised,cnn_amortised,Amortised CNN,1.0,1.0555520304024684,0.0642442166361243,0.0608631453360275,0.9864398403096796,0.9973864458521194,0.0492251712405199,0.0357939237376387,0.0,9.45866381219754e-18,,,ok,1.9726204872131348,True,True,8000.0,,,,,,,,,,,,64.0,,,,,,,,,,,,,,,,,,,
2,32,3000,,0.3,0.0,0.0,1,0,0.45,1.0,128,512,auto,8.0,stationary,8000,0.001051221661005,96000,0.0157265663146972,17a1d1956a0e648d,kde_score,kde_score,KDE score (snapshots),1.0,1.0555520304024684,0.1684587582304813,0.1595930407772036,0.9558847224779746,0.9795886953340366,0.1190670824912635,0.1062683797351444,0.0,2.4926672888644987e-17,,,ok,24.6002779006958,True,True,8000.0,0.0607003362274423,,,,,,,,,,,,,,,,,,,0.0585260159901663,0.0607003362274423,0.0585260159901663,0.0853219620387144,,,,,,,,
2,32,3000,,0.3,0.0,0.0,1,0,0.45,1.0,128,512,auto,8.0,stationary,8000,0.001051221661005,96000,0.0157265663146972,17a1d1956a0e648d,dsm,dsm,Denoising score matching,1.0,1.0555520304024684,0.4328930712025852,0.4101105949628353,0.7726543833954512,0.9397768708313436,0.3663955927910669,0.1842416068211886,0.0,6.323604902772084e-17,,,ok,5.773068428039551,True,True,8000.0,,,,,,,,,,,,,,,,,,,,,,,,"(256, 256, 256)",40.0,0.002,0.01,0.5,0.0344456989590392,0.0344456989590392,1.935901761054993
2,128,3000,,0.3,0.0,0.0,1,0,0.45,1.0,128,512,auto,8.0,stationary,8000,0.001051221661005,384000,0.0247001647949218,0bc33d658fb44d14,kde_score,kde_score,KDE score (snapshots),1.0,1.0555520304024684,0.136627073759206,0.1294366074092168,0.9299026748740348,0.9924341582369413,0.1074019605572094,0.0722402533638646,0.0,2.011672270450121e-17,,,ok,27.14940714836121,True,True,8000.0,0.0755724563145125,,,,,,,,,,,,,,,,,,,0.0577350269189625,0.0755724563145125,0.0577350269189625,0.0847434302277937,,,,,,,,
2,128,3000,,0.3,0.0,0.0,1,0,0.45,1.0,128,512,auto,8.0,stationary,8000,0.001051221661005,384000,0.0247001647949218,0bc33d658fb44d14,dsm,dsm,Denoising score matching,1.0,1.0555520304024684,0.0975313241187376,0.0923984051089838,0.9524287227653668,0.9948322396661696,0.075298774017226,0.0535496022224871,0.0,1.4344768764529398e-17,,,ok,22.498427867889404,True,True,8000.0,,,,,,,,,,,,,,,,,,,,,,,,"(256, 256, 256)",40.0,0.002,0.01,0.5,0.0344456989590392,0.0344456989590392,1.8754656314849851
2,512,3000,,0.3,0.0,0.0,1,0,0.45,1.0,128,512,auto,8.0,stationary,8000,0.001051221661005,1536000,0.0413236618041992,e1da94ab2da5a61e,kde_score,kde_score,KDE score (snapshots),1.0,1.0555520304024684,0.1354054869055391,0.1282793107355501,0.9287067451322738,0.99262518768163,0.1085512119594136,0.0683536095969355,0.0,1.9973558393241117e-17,,,ok,21.779588222503666,True,True,8000.0,0.0755724563145125,,,,,,,,,,,,,,,,,,,0.0458243212332867,0.0755724563145125,0.0458243212332867,0.0847434302277937,,,,,,,,
2,512,3000,,0.3,0.0,0.0,1,0,0.45,1.0,128,512,auto,8.0,stationary,8000,0.001051221661005,1536000,0.0413236618041992,e1da94ab2da5a61e,dsm,dsm,Denoising score matching,1.0,1.0555520304024684,0.0755485938122966,0.0715725910578666,0.9890767108342408,0.996671276169528,0.0485924208011699,0.0525491430131704,0.0,1.1182326703146956e-17,,,ok,28.051831483840942,True,True,8000.0,,,,,,,,,,,,,,,,,,,,,,,,"(256, 256, 256)",40.0,0.002,0.01,0.5,0.0252843184360804,0.0252843184360804,1.8743140697479248
2,2048,3000,,0.3,0.0,0.0,1,0,0.45,1.0,128,512,auto,8.0,stationary,8000,0.001051221661005,6144000,0.0954492092132568,63d9b4f4d6046591,kde_score,kde_score,KDE score (snapshots),1.0,1.0555520304024684,0.1354054869055391,0.1282793107355501,0.9287067451322738,0.99262518768163,0.1085512119594136,0.0683536095969355,0.0,1.9973558393241117e-17,,,ok,28.141634225845337,True,True,8000.0,0.0755724563145125,,,,,,,,,,,,,,,,,,,0.0458243212332867,0.0755724563145125,0.0458243212332867,0.0847434302277937,,,,,,,,
2,2048,3000,,0.3,0.0,0.0,1,0,0.45,1.0,128,512,auto,8.0,stationary,8000,0.001051221661005,6144000,0.0954492092132568,63d9b4f4d6046591,dsm,dsm,Denoising score matching,1.0,1.0555520304024684,0.0755485938122966,0.0715725910578666,0.9890767108342408,0.996671276169528,0.0485924208011699,0.0525491430131704,0.0,1.1182326703146956e-17,,,ok,28.03254795074463,True,True,8000.0,,,,,,,,,,,,,,,,,,,,,,,,"(256, 256, 256)",40.0,0.002,0.01,0.5,0.0252843184360804,0.0252843184360804,1.8743140697479248
3,32,3000,,0.3,0.0,0.0,1,0,0.45,1.0,128,512,auto,8.0,stationary,8000,0.0007540270040566,96000,1.6037237644195557,75f1123c7bac5e65,kde_score,kde_score,KDE score (snapshots),1.0,0.9801180441339205,0.2257584815346953,0.2303380525293628,0.9093390854310546,0.967489056678946,0.1627890753936944,0.1167570973695568,0.0,0.1136798820782349,,,ok,28.46025347709656,True,True,8000.0,0.0926771272594576,,,,,,,,,,,,,,,,,,,0.0715416633529705,0.0926771272594576,0.0715416633529705,0.1021452690969934,,,,,,,,
3,32,3000,,0.3,0.0,0.0,1,0,0.45,1.0,128,512,auto,8.0,stationary,8000,0.0007540270040566,96000,1.6037237644195557,75f1123c7bac5e65,dsm,dsm,Denoising score matching,1.0,0.9801180441339205,0.4523239530653688,0.4614994650619498,0.8833658045884445,0.851924685773615,0.3090009377372876,0.2424564463633447,0.0,0.2423118823887951,,,ok,4.132730722427368,True,True,8000.0,,,,,,,,,,,,,,,,,,,,,,,,"(256, 256, 256)",40.0,0.002,0.01,0.5,0.0185595525158984,0.0185595525158984,2.9757022857666016
3,128,3000,,0.3,0.0,0.0,1,0,0.45,1.0,128,512,auto,8.0,stationary,8000,0.0007540270040566,384000,1.565839767456055,f47724bcfae268a9,kde_score,kde_score,KDE score (snapshots),1.0,0.9801180441339205,0.2289224151819001,0.2335661674142393,0.91601038719908,0.9662274004480096,0.1630164265765316,0.1170042693691774,0.0,0.1195357694423711,,,ok,28.819313049316406,True,True,8000.0,0.0916907995687078,,,,,,,,,,,,,,,,,,,0.0706886051119988,0.0916907995687078,0.0706886051119988,0.1015175940334439,,,,,,,,
3,128,3000,,0.3,0.0,0.0,1,0,0.45,1.0,128,512,auto,8.0,stationary,8000,0.0007540270040566,384000,1.565839767456055,f47724bcfae268a9,dsm,dsm,Denoising score matching,1.0,0.9801180441339205,0.1522534090575371,0.1553419100574518,0.9637923812129964,0.9846037053041254,0.1013249502536678,0.0848321089886812,0.0,0.081657068040199,,,ok,21.70184540748596,True,True,8000.0,,,,,,,,,,,,,,,,,,,,,,,,"(256, 256, 256)",40.0,0.002,0.01,0.5,0.0344456989590392,0.0344456989590392,2.920329332351685
3,512,3000,,0.3,0.0,0.0,1,0,0.45,1.0,128,512,auto,8.0,stationary,8000,0.0007540270040566,1536000,1.619600772857666,bf5ddc65ad4ff324,kde_score,kde_score,KDE score (snapshots),1.0,0.9801180441339205,0.2264831537990809,0.2310774249638597,0.8343801386031555,0.982448666115413,0.1991987191209124,0.0825094156746136,0.0,0.0831194499112564,,,ok,25.228593349456787,True,True,8000.0,0.1155543855916432,,,,,,,,,,,,,,,,,,,0.0890861282753501,0.1155543855916432,0.0890861282753501,0.1015450265243566,,,,,,,,
3,512,3000,,0.3,0.0,0.0,1,0,0.45,1.0,128,512,auto,8.0,stationary,8000,0.0007540270040566,1536000,1.619600772857666,bf5ddc65ad4ff324,dsm,dsm,Denoising score matching,1.0,0.9801180441339205,0.1395314912350867,0.142361924739773,0.9388601274691551,0.9882576657812666,0.1014275722813318,0.0715079877718881,0.0,0.0697565257273003,,,ok,29.253132581710812,True,True,8000.0,,,,,,,,,,,,,,,,,,,,,,,,"(256, 256, 256)",40.0,0.002,0.01,0.5,0.0469265635843135,0.0469265635843135,2.91646409034729
3,2048,3000,,0.3,0.0,0.0,1,0,0.45,1.0,128,512,auto,8.0,stationary,8000,0.0007540270040566,6144000,1.6960246562957764,c6b504a6fcf604cd,kde_score,kde_score,KDE score (snapshots),1.0,0.9801180441339205,0.2264831537990809,0.2310774249638597,0.8343801386031555,0.982448666115413,0.1991987191209124,0.0825094156746136,0.0,0.0831194499112564,,,ok,27.11924719810486,True,True,8000.0,0.1155543855916432,,,,,,,,,,,,,,,,,,,0.0890861282753501,0.1155543855916432,0.0890861282753501,0.1015450265243566,,,,,,,,
3,2048,3000,,0.3,0.0,0.0,1,0,0.45,1.0,128,512,auto,8.0,stationary,8000,0.0007540270040566,6144000,1.6960246562957764,c6b504a6fcf604cd,dsm,dsm,Denoising score matching,1.0,0.9801180441339205,0.1395314912350867,0.142361924739773,0.9388601274691551,0.9882576657812666,0.1014275722813318,0.0715079877718881,0.0,0.0697565257273003,,,ok,25.1172468662262,True,True,8000.0,,,,,,,,,,,,,,,,,,,,,,,,"(256, 256, 256)",40.0,0.002,0.01,0.5,0.0469265635843135,0.0469265635843135,2.91646409034729
5,32,3000,,0.3,0.0,0.0,1,0,0.45,1.0,128,512,auto,8.0,stationary,8000,0.0002659278433685322,96000,0.15150666236877441,4acde80d0d9192cf,kde_score,kde_score,KDE score (snapshots),1.0,0.980780578886844,0.963730709252949,0.9826160203404047,0.03704085581450358,0.45227905026068443,0.9821862174139203,0.015040825905613862,0.0,0.024864659817232525,,,ok,25.86648917198181,True,True,8000.0,0.5578074122088383,,,,,,,,,,,,,,,,,,,0.13700715697515115,0.5578074122088383,0.13700715697515115,0.15100417256419313,,,,,,,,
5,32,3000,,0.3,0.0,0.0,1,0,0.45,1.0,128,512,auto,8.0,stationary,8000,0.0002659278433685322,96000,0.15150666236877441,4acde80d0d9192cf,dsm,dsm,Denoising score matching,1.0,0.980780578886844,0.9060223259711183,0.9237767809385317,0.2745417810490544,0.38141296177469763,0.8962272276571039,0.10707811652776157,0.0,0.19665852223609506,,,ok,5.650228977203369,True,True,8000.0,,,,,,,,,,,,,,,,,,,,,,,,"(256, 256, 256)",40.0,0.002,0.01,0.5,0.034445698959039296,0.034445698959039296,4.964726448059082
5,128,3000,,0.3,0.0,0.0,1,0,0.45,1.0,128,512,auto,8.0,stationary,8000,0.0002659278433685322,384000,0.18979787826538086,308ebd88491df0f1,kde_score,kde_score,KDE score (snapshots),1.0,0.980780578886844,0.9637468373580207,0.9826324644925616,0.03687562637457625,0.45428511291681434,0.9822075487269971,0.015037461191162185,0.0,0.024673189079509605,,,ok,50.715598821640015,True,True,8000.0,0.5530095930306003,,,,,,,,,,,,,,,,,,,0.135716759548898,0.5530095930306003,0.135716759548898,0.1502619560983911,,,,,,,,
5,128,3000,,0.3,0.0,0.0,1,0,0.45,1.0,128,512,auto,8.0,stationary,8000,0.0002659278433685322,384000,0.18979787826538086,308ebd88491df0f1,dsm,dsm,Denoising score matching,1.0,0.980780578886844,0.6871219614913113,0.7005868348975403,0.5347547951769019,0.7006078064743599,0.6294293138225218,0.15091184941321273,0.0,0.26807884258058573,,,ok,14.18564748764038,True,True,8000.0,,,,,,,,,,,,,,,,,,,,,,,,"(256, 256, 256)",40.0,0.002,0.01,0.5,0.034445698959039296,0.034445698959039296,4.951727867126465
5,512,3000,,0.3,0.0,0.0,1,0,0.45,1.0,128,512,auto,8.0,stationary,8000,0.0002659278433685322,1536000,0.2311992645263672,c09f7f9a9498873e,kde_score,kde_score,KDE score (snapshots),1.0,0.980780578886844,0.9637947379041062,0.9826813036999404,0.036005555013173,0.4637443665153258,0.9822807629626628,0.014400535517169065,0.0,0.02407637704727198,,,ok,187.71921372413635,True,True,8000.0,0.5539814992958513,,,,,,,,,,,,,,,,,,,0.1359552797672947,0.5539814992958513,0.1359552797672947,0.1505260392868229,,,,,,,,
5,512,3000,,0.3,0.0,0.0,1,0,0.45,1.0,128,512,auto,8.0,stationary,8000,0.0002659278433685322,1536000,0.2311992645263672,c09f7f9a9498873e,dsm,dsm,Denoising score matching,1.0,0.980780578886844,0.6131440642888866,0.6251592634356467,0.6314901493609478,0.7565313350926018,0.5326842139519337,0.16150444469773467,0.0,0.2845838140314506,,,ok,19.089133501052856,True,True,8000.0,,,,,,,,,,,,,,,,,,,,,,,,"(256, 256, 256)",40.0,0.002,0.01,0.5,0.034445698959039296,0.034445698959039296,4.944897174835205
5,2048,3000,,0.3,0.0,0.0,1,0,0.45,1.0,128,512,auto,8.0,stationary,8000,0.0002659278433685322,6144000,0.3583390712738037,fe2af57f747b3b66,kde_score,kde_score,KDE score (snapshots),1.0,0.980780578886844,0.9637947379041062,0.9826813036999404,0.036005555013173,0.4637443665153258,0.9822807629626628,0.014400535517169065,0.0,0.02407637704727198,,,ok,188.83181405067444,True,True,8000.0,0.5539814992958513,,,,,,,,,,,,,,,,,,,0.1359552797672947,0.5539814992958513,0.1359552797672947,0.1505260392868229,,,,,,,,
5,2048,3000,,0.3,0.0,0.0,1,0,0.45,1.0,128,512,auto,8.0,stationary,8000,0.0002659278433685322,6144000,0.3583390712738037,fe2af57f747b3b66,dsm,dsm,Denoising score matching,1.0,0.980780578886844,0.6131440642888866,0.6251592634356467,0.6314901493609478,0.7565313350926018,0.5326842139519337,0.16150444469773467,0.0,0.2845838140314506,,,ok,19.28989863395691,True,True,8000.0,,,,,,,,,,,,,,,,,,,,,,,,"(256, 256, 256)",40.0,0.002,0.01,0.5,0.034445698959039296,0.034445698959039296,4.944897174835205
10,32,3000,,0.3,0.0,0.0,1,0,0.45,1.0,128,512,auto,8.0,stationary,8000,0.00016190025603826595,96000,0.37904787063598633,68d4d4c1dbd8754f,kde_score,kde_score,KDE score (snapshots),1.0,1.0012510718998233,0.9980609252163544,0.9968138394324854,0.014088392648388468,0.2221200631394217,0.9967290755783687,0.0043885652462769325,0.0,0.012236048214302638,,,ok,39.70715594291687,True,True,8000.0,0.5609451856351059,,,,,,,,,,,,,,,,,,,0.278288773099865,0.5609451856351059,0.278288773099865,0.23513122152518295,,,,,,,,
10,32,3000,,0.3,0.0,0.0,1,0,0.45,1.0,128,512,auto,8.0,stationary,8000,0.00016190025603826595,96000,0.37904787063598633,68d4d4c1dbd8754f,dsm,dsm,Denoising score matching,1.0,1.0012510718998233,1.0010467495640496,0.9997959329667573,0.0335218539797878,0.022312920308075704,0.9992901757142587,0.010803187203647696,0.0,0.02990557546808785,,,ok,4.73589563369751,True,True,8000.0,,,,,,,,,,,,,,,,,,,,,,,,"(256, 256, 256)",40.0,0.002,0.01,0.5,0.3,0.3,9.955415725708008
10,128,3000,,0.3,0.0,0.0,1,0,0.45,1.0,128,512,auto,8.0,stationary,8000,0.00016190025603826595,384000,0.7625818252563477,bd178abbcea9c6df,kde_score,kde_score,KDE score (snapshots),1.0,1.0012510718998233,0.9980097740952284,0.996762752225129,0.014674889843768139,0.21841311295361912,0.9966706320271356,0.004812016427840996,0.0,0.01266806914814655,,,ok,64.89767575263977,True,True,8000.0,0.5581083278061276,,,,,,,,,,,,,,,,,,,0.2767804884579151,0.5581083278061276,0.2767804884579151,0.2345397327078803,,,,,,,,
10,128,3000,,0.3,0.0,0.0,1,0,0.45,1.0,128,512,auto,8.0,stationary,8000,0.00016190025603826595,384000,0.7625818252563477,bd178abbcea9c6df,dsm,dsm,Denoising score matching,1.0,1.0012510718998233,0.9988536880290327,0.9976056116811524,0.03577574518520498,0.07798772195751255,0.9970342593926,0.012593155065598608,0.0,0.031321789550879435,,,ok,15.44723105430603,True,True,8000.0,,,,,,,,,,,,,,,,,,,,,,,,"(256, 256, 256)",40.0,0.002,0.01,0.5,0.08709360212337154,0.08709360212337154,9.947175979614258
10,512,3000,,0.3,0.0,0.0,1,0,0.45,1.0,128,512,auto,8.0,stationary,8000,0.00016190025603826595,1536000,0.47965145111083984,1e3ba7dde72c5154,kde_score,kde_score,KDE score (snapshots),1.0,1.0012510718998233,0.9979624532676562,0.9967154905253414,0.014604866807469733,0.22089244622056514,0.9966242428133233,0.0046372209118590805,0.0,0.012664275429580606,,,ok,200.2741231918335,True,True,8000.0,0.5581083278061276,,,,,,,,,,,,,,,,,,,0.2767804884579151,0.5581083278061276,0.2767804884579151,0.2345397327078803,,,,,,,,
10,512,3000,,0.3,0.0,0.0,1,0,0.45,1.0,128,512,auto,8.0,stationary,8000,0.00016190025603826595,1536000,0.47965145111083984,1e3ba7dde72c5154,dsm,dsm,Denoising score matching,1.0,1.0012510718998233,0.9970893008639133,0.9958434291331012,0.05005288027154205,0.10166718387059669,0.9947252297542846,0.01733980182038948,0.0,0.04387691774372306,,,ok,20.45479416847229,True,True,8000.0,,,,,,,,,,,,,,,,,,,,,,,,"(256, 256, 256)",40.0,0.002,0.01,0.5,0.04692656358431354,0.04692656358431354,9.9474458694458
10,2048,3000,,0.3,0.0,0.0,1,0,0.45,1.0,128,512,auto,8.0,stationary,8000,0.00016190025603826595,6144000,0.7094895839691162,56d3405e535a3735,kde_score,kde_score,KDE score (snapshots),1.0,1.0012510718998233,0.9979624532676562,0.9967154905253414,0.014604866807469733,0.22089244622056514,0.9966242428133233,0.0046372209118590805,0.0,0.012664275429580606,,,ok,200.74714994430542,True,True,8000.0,0.5581083278061276,,,,,,,,,,,,,,,,,,,0.2767804884579151,0.5581083278061276,0.2767804884579151,0.2345397327078803,,,,,,,,
10,2048,3000,,0.3,0.0,0.0,1,0,0.45,1.0,128,512,auto,8.0,stationary,8000,0.00016190025603826595,6144000,0.7094895839691162,56d3405e535a3735,dsm,dsm,Denoising score matching,1.0,1.0012510718998233,0.9970893008639133,0.9958434291331012,0.05005288027154205,0.10166718387059669,0.9947252297542846,0.01733980182038948,0.0,0.04387691774372306,,,ok,20.2270085811615,True,True,8000.0,,,,,,,,,,,,,,,,,,,,,,,,"(256, 256, 256)",40.0,0.002,0.01,0.5,0.04692656358431354,0.04692656358431354,9.9474458694458
