d,n_walkers,n_steps,dt,D,omega,obs_noise,substeps,seed,correlation_length,drift_scale,resolution,n_features,backend,burn_in_tau,measure,n_eval,dt_actual,n_transitions,sim_seconds,config_key,estimator_name,estimator,label,supported_fraction,rms_true,rmse,nrmse,scale_ratio,cosine,nrmse_grad,nrmse_rot,rms_rot_true,nrmse_perp,param_bins,param_min_count,status,fit_seconds,param_bandwidth,param_local_linear,use_support,scored_on_support,n_scored
2,256,3000,,0.05,0.0,0.0,1,0,0.45,1.0,128,512,auto,8.0,stationary,20000,0.00630732996603,768000,0.8426592350006104,a76a4da72383dc83,kernel_ll,kernel,"Kernel, local-linear",1.0,0.6811089138048447,0.0647183941843662,0.0950191560742217,0.9939639248142228,0.9864462432531228,0.0762942727257308,0.0566376550565886,0.0,1.4540457618611297e-17,,,ok,10.750166654586792,0.1302879245964723,True,False,False,
2,256,3000,,0.05,0.0,0.0,1,1,0.45,1.0,128,512,auto,8.0,stationary,20000,0.0047210315214721,768000,0.9065611362457277,a572df59a1da0b15,kernel_ll,kernel,"Kernel, local-linear",1.0,0.6042275280862315,0.0495835494804045,0.0820610567635845,0.9713619313777104,0.9940572712155302,0.0652180330995075,0.0498058751131609,0.0,1.29666734156688e-17,,,ok,12.739924192428589,0.133761082765428,True,False,False,
2,256,3000,,0.1,0.0,0.0,1,0,0.45,1.0,128,512,auto,8.0,stationary,20000,0.003153664983015,768000,0.8556110858917236,48f01b6c94c3d3fe,kernel_nw,kernel,"Kernel, Nadaraya-Watson",1.0,0.8831770973245484,0.1621796117971529,0.1836320396990043,0.8831085051661077,0.9942404487860308,0.164136317178899,0.0823407273890908,0.0,2.7893700645608715e-17,,,ok,3.570326566696167,0.0582698723642177,False,False,False,
2,256,3000,,0.1,0.0,0.0,1,0,0.45,1.0,128,512,auto,8.0,stationary,20000,0.003153664983015,768000,0.8556110858917236,48f01b6c94c3d3fe,kernel_ll,kernel,"Kernel, local-linear",1.0,0.8831770973245484,0.0998784648276357,0.1130899625117119,0.9824329355668792,0.9871699988154548,0.0919529339287615,0.065833103852038,0.0,1.7368393437730396e-17,,,ok,11.983295679092407,0.1389895390524812,True,False,False,
2,256,3000,,0.1,0.0,0.0,1,1,0.45,1.0,128,512,auto,8.0,stationary,20000,0.002360515760736,768000,0.915224552154541,3444bd06efbf1614,kernel_ll,kernel,"Kernel, local-linear",1.0,0.7839894406204451,0.0961953881478115,0.1226998517629051,0.9493944801580252,0.9910332929388744,0.0998751063791553,0.0712756392352345,0.0,1.9333072735157254e-17,,,ok,12.883559942245483,0.1439735574675626,True,False,False,
2,256,3000,,0.2,0.0,0.0,1,0,0.45,1.0,128,512,auto,8.0,stationary,20000,0.0015768324915075,768000,0.8712420463562012,53d427702100079a,binned_cv,binned_km,Binned Kramers-Moyal,1.0,1.0266958765045031,0.4164885644847907,0.4056591382277398,1.0187038665004406,0.8790684043239267,0.2945908710287886,0.2788826906320507,0.0,6.339434254090107e-17,9.0,8.0,ok,3.880044221878052,,,False,False,
2,256,3000,,0.2,0.0,0.0,1,0,0.45,1.0,128,512,auto,8.0,stationary,20000,0.0015768324915075,768000,0.8712420463562012,53d427702100079a,kernel_nw,kernel,"Kernel, Nadaraya-Watson",1.0,1.0266958765045031,0.2250038533273372,0.2191533622336023,0.9523744955044788,0.9793084320456622,0.1806902868829795,0.1240129686945645,0.0,3.38223282181628e-17,,,ok,4.093200922012329,0.0761948634094199,False,False,False,
2,256,3000,,0.2,0.0,0.0,1,0,0.45,1.0,128,512,auto,8.0,stationary,20000,0.0015768324915075,768000,0.8712420463562012,53d427702100079a,kernel_ll,kernel,"Kernel, local-linear",1.0,1.0266958765045031,0.1496819122682944,0.1457899225015908,0.9787981957143228,0.9861664449043926,0.1146488024296889,0.0900575016556534,0.0,2.262214179747465e-17,,,ok,12.874064683914185,0.1188601492845809,True,False,False,
2,256,3000,,0.2,0.0,0.0,1,1,0.45,1.0,128,512,auto,8.0,stationary,20000,0.001180257880368,768000,0.8746645450592041,8801e32ded99d4f1,binned_cv,binned_km,Binned Kramers-Moyal,1.0,0.9234265707182548,0.4179007195160274,0.4525543586979288,0.9408528979217092,0.8348410410954092,0.3401923196939053,0.298453737114772,0.0,7.113909149326535e-17,7.0,8.0,ok,3.781511068344116,,,False,False,
2,256,3000,,0.2,0.0,0.0,1,1,0.45,1.0,128,512,auto,8.0,stationary,20000,0.001180257880368,768000,0.8746645450592041,8801e32ded99d4f1,kernel_nw,kernel,"Kernel, Nadaraya-Watson",1.0,0.9234265707182548,0.2263828210092915,0.2451551949964009,0.8859706527075489,0.9659181638182986,0.1989163754013267,0.1432946099158019,0.0,3.838952702133364e-17,,,ok,4.475889444351196,0.0911698382512797,False,False,False,
2,256,3000,,0.2,0.0,0.0,1,1,0.45,1.0,128,512,auto,8.0,stationary,20000,0.001180257880368,768000,0.8746645450592041,8801e32ded99d4f1,kernel_ll,kernel,"Kernel, local-linear",1.0,0.9234265707182548,0.1729814936536483,0.1873256619842558,0.9163955272531864,0.9748141576664232,0.1468922884624298,0.1162478353695669,0.0,2.946005266116822e-17,,,ok,13.67021656036377,0.1353441666473891,True,False,False,
2,256,3000,,0.4,0.0,0.0,1,0,0.45,1.0,128,512,auto,8.0,stationary,20000,0.0007884162457537,768000,0.8486893177032471,cb428fbaf31ef5f0,binned_cv,binned_km,Binned Kramers-Moyal,1.0,1.0516200528008277,0.5674733223241809,0.5396182022326441,1.1065336363425615,0.8452953563847808,0.3715638015222886,0.3913159153153575,0.0,8.413698103242098e-17,9.0,8.0,ok,3.614225149154663,,,False,False,
2,256,3000,,0.4,0.0,0.0,1,0,0.45,1.0,128,512,auto,8.0,stationary,20000,0.0007884162457537,768000,0.8486893177032471,cb428fbaf31ef5f0,kernel_nw,kernel,"Kernel, Nadaraya-Watson",1.0,1.0516200528008277,0.2748764383739039,0.2613837931692278,0.9152757226764604,0.9646777301200636,0.2128601564781836,0.1516972020691774,0.0,4.005713616045769e-17,,,ok,3.864530563354492,0.1220395741813429,False,False,False,
2,256,3000,,0.4,0.0,0.0,1,0,0.45,1.0,128,512,auto,8.0,stationary,20000,0.0007884162457537,768000,0.8486893177032471,cb428fbaf31ef5f0,kernel_ll,kernel,"Kernel, local-linear",1.0,1.0516200528008277,0.2410098503582022,0.229179587928463,0.9199058869743196,0.9699024232962328,0.1892091306115937,0.1293181673867403,0.0,3.5205183174490435e-17,,,ok,13.868732213974,0.1402632424368256,True,False,False,
2,256,3000,,0.4,0.0,0.0,1,1,0.45,1.0,128,512,auto,8.0,stationary,20000,0.000590128940184,768000,0.9875547885894777,33e595c8f770e8b6,binned_cv,binned_km,Binned Kramers-Moyal,1.0,0.975156678069594,0.5471260880365472,0.5610648015246432,1.066766134486557,0.7884033080448092,0.3907024905283138,0.40267266533111,0.0,8.853272563628761e-17,7.0,8.0,ok,3.676757335662842,,,False,False,
2,256,3000,,0.4,0.0,0.0,1,1,0.45,1.0,128,512,auto,8.0,stationary,20000,0.000590128940184,768000,0.9875547885894777,33e595c8f770e8b6,kernel_nw,kernel,"Kernel, Nadaraya-Watson",1.0,0.975156678069594,0.3170189556224524,0.3250954054378405,0.837140451618219,0.9257329683862822,0.2641098345218718,0.18956006421613,0.0,5.050973175646951e-17,,,ok,3.725029706954956,0.1454604313001729,False,False,False,
2,256,3000,,0.4,0.0,0.0,1,1,0.45,1.0,128,512,auto,8.0,stationary,20000,0.000590128940184,768000,0.9875547885894777,33e595c8f770e8b6,kernel_ll,kernel,"Kernel, local-linear",1.0,0.975156678069594,0.291260124305695,0.2986803360484279,0.8639404493169216,0.9285198002612391,0.2386622423338576,0.1795836218205236,0.0,4.6621663077514736e-17,,,ok,12.77829098701477,0.1581117394052172,True,False,False,
2,256,3000,,0.8,0.0,0.0,1,0,0.45,1.0,128,512,auto,8.0,stationary,20000,0.0003942081228768,768000,0.8299462795257568,6f2b90cd838867a2,binned_cv,binned_km,Binned Kramers-Moyal,1.0,1.040582167831713,0.7293575795833782,0.7009130101692581,0.8976708933137149,0.7388850149660668,0.56136548135066,0.4196997071388929,0.0,1.0814333074686827e-16,3.0,8.0,ok,4.093317270278931,,,False,False,
2,256,3000,,0.8,0.0,0.0,1,0,0.45,1.0,128,512,auto,8.0,stationary,20000,0.0003942081228768,768000,0.8299462795257568,6f2b90cd838867a2,kernel_nw,kernel,"Kernel, Nadaraya-Watson",1.0,1.040582167831713,0.3800047802638689,0.3651847898332664,0.7646821724180781,0.9403354733957606,0.3292468737237097,0.1579760325768771,0.0,5.575028264153951e-17,,,ok,4.399998903274536,0.2026816651194758,False,False,False,
2,256,3000,,0.8,0.0,0.0,1,0,0.45,1.0,128,512,auto,8.0,stationary,20000,0.0003942081228768,768000,0.8299462795257568,6f2b90cd838867a2,kernel_ll,kernel,"Kernel, local-linear",1.0,1.040582167831713,0.3692079617562601,0.3548090416786479,0.7688953665359013,0.9385482942996008,0.3191067834751167,0.1551138833150839,0.0,5.434977131209652e-17,,,ok,14.023882627487184,0.2090522592934591,True,False,False,
2,256,3000,,0.8,0.0,0.0,1,1,0.45,1.0,128,512,auto,8.0,stationary,20000,0.000295064470092,768000,0.94507098197937,a89cac7d9c165d18,binned_cv,binned_km,Binned Kramers-Moyal,1.0,0.9936778237137942,0.7814861137016956,0.7864582413452195,1.1020423206653496,0.6532190478006304,0.6149172943221041,0.4902991806268887,0.0,1.2233304689711283e-16,4.0,8.0,ok,3.893943071365357,,,False,False,
2,256,3000,,0.8,0.0,0.0,1,1,0.45,1.0,128,512,auto,8.0,stationary,20000,0.000295064470092,768000,0.94507098197937,a89cac7d9c165d18,kernel_nw,kernel,"Kernel, Nadaraya-Watson",1.0,0.9936778237137942,0.5130407712215136,0.5163049420828003,1.0281264343203578,0.808551276947312,0.3444156464778444,0.3846409438429198,0.0,8.136057651688477e-17,,,ok,3.839850187301636,0.1425214892521878,False,False,False,
2,256,3000,,0.8,0.0,0.0,1,1,0.45,1.0,128,512,auto,8.0,stationary,20000,0.000295064470092,768000,0.94507098197937,a89cac7d9c165d18,kernel_ll,kernel,"Kernel, local-linear",1.0,0.9936778237137942,0.5179692474255523,0.5212647752263225,1.0456762935785793,0.8093471853702341,0.34485564191034,0.3908855998042854,0.0,8.19013481794829e-17,,,ok,13.471500158309937,0.1458054558634244,True,False,False,
2,256,3000,,1.5,0.0,0.0,1,0,0.45,1.0,128,512,auto,8.0,stationary,20000,0.000210244332201,768000,0.9053199291229248,09e5b951af183302,binned_cv,binned_km,Binned Kramers-Moyal,1.0,1.0254208282013313,0.8155832870968232,0.7953644637074715,1.0272577641956118,0.6748145297235892,0.6008875164678334,0.5210938712763689,0.0,1.2327868116997484e-16,3.0,8.0,ok,3.87502694129944,,,False,False,
2,256,3000,,1.5,0.0,0.0,1,0,0.45,1.0,128,512,auto,8.0,stationary,20000,0.000210244332201,768000,0.9053199291229248,09e5b951af183302,kernel_nw,kernel,"Kernel, Nadaraya-Watson",1.0,1.0254208282013313,0.5728407412613987,0.5586396584768094,0.6362655402419232,0.823801494511953,0.513428910768568,0.2201568114097041,0.0,8.379537127833958e-17,,,ok,5.491987466812134,0.275863092560284,False,False,False,
2,256,3000,,1.5,0.0,0.0,1,0,0.45,1.0,128,512,auto,8.0,stationary,20000,0.000210244332201,768000,0.9053199291229248,09e5b951af183302,kernel_ll,kernel,"Kernel, local-linear",1.0,1.0254208282013313,0.5832160780385034,0.5687577841202136,0.6260748580998245,0.8162664625795417,0.5247156229963797,0.2194514342191834,0.0,8.50924962910165e-17,,,ok,14.094708919525146,0.2820564554314305,True,False,False,
2,256,3000,,1.5,0.0,0.0,1,1,0.45,1.0,128,512,auto,8.0,stationary,20000,0.0001573677173824,768000,0.879436731338501,bc4e6097ffda5351,binned_cv,binned_km,Binned Kramers-Moyal,1.0,0.9943440641399016,1.002405652522432,1.0081074435633135,1.0591189856154388,0.5057537715124348,0.7432333283710353,0.681090917107454,0.0,1.5950141909344994e-16,3.0,8.0,ok,3.739751100540161,,,False,False,
2,256,3000,,1.5,0.0,0.0,1,1,0.45,1.0,128,512,auto,8.0,stationary,20000,0.0001573677173824,768000,0.879436731338501,bc4e6097ffda5351,kernel_nw,kernel,"Kernel, Nadaraya-Watson",1.0,0.9943440641399016,0.7539234769587472,0.7582118746903608,1.0333967521753082,0.6923108801265889,0.5251003797444103,0.5469504896366284,0.0,1.2007014395284512e-16,,,ok,3.8688368797302246,0.2006921618869132,False,False,False,
2,256,3000,,1.5,0.0,0.0,1,1,0.45,1.0,128,512,auto,8.0,stationary,20000,0.0001573677173824,768000,0.879436731338501,bc4e6097ffda5351,kernel_ll,kernel,"Kernel, local-linear",1.0,0.9943440641399016,0.7614260236180381,0.765757096641055,1.0483959143375663,0.6906341547558588,0.5269080505779181,0.555654422543649,0.0,1.204620421641695e-16,,,ok,14.540480852127075,0.201358660040759,True,False,False,
2,256,3000,,0.05,0.0,0.0,1,0,0.45,1.0,128,512,auto,8.0,stationary,20000,0.00630732996603001,768000,0.6048629283905029,a76a4da72383dc83,binned_cv,binned_km,Binned Kramers-Moyal,0.9996,0.6811089138048447,0.17611274369141816,0.2585676682861311,0.9980189332922749,0.9327237578652939,0.18565424809368877,0.17997149565332224,0.0,4.0840448457838487e-17,33.0,8.0,ok,2.77744722366333,,,False,False,20000.0
2,256,3000,,0.05,0.0,0.0,1,0,0.45,1.0,128,512,auto,8.0,stationary,20000,0.00630732996603001,768000,0.6048629283905029,a76a4da72383dc83,kernel_nw,kernel,"Kernel, Nadaraya-Watson",0.9999,0.6811089138048447,0.09130091743050525,0.13404745640528398,0.9271583017799567,0.997647629718684,0.10557155142127826,0.08260368090606443,0.0,1.989181361206327e-17,,,ok,2.442166805267334,0.028686557921448478,False,False,False,20000.0
2,256,3000,,0.05,0.0,0.0,1,1,0.45,1.0,128,512,auto,8.0,stationary,20000,0.004721031521472175,768000,0.6353607177734375,a572df59a1da0b15,binned_cv,binned_km,Binned Kramers-Moyal,0.99985,0.6042275280862315,0.1751569394896237,0.2898857323571435,0.9903352861557719,0.9339259781155711,0.22362664757448758,0.18445828883201043,0.0,4.3078579944123206e-17,25.0,8.0,ok,2.776556968688965,,,False,False,20000.0
2,256,3000,,0.05,0.0,0.0,1,1,0.45,1.0,128,512,auto,8.0,stationary,20000,0.004721031521472175,768000,0.6353607177734375,a572df59a1da0b15,kernel_nw,kernel,"Kernel, Nadaraya-Watson",0.99995,0.6042275280862315,0.10124391406282052,0.16755925434825875,0.8608284764790146,0.9959287909594146,0.15461686246390913,0.06457344314469445,0.0,2.6047257201919958e-17,,,ok,2.8967854976654053,0.04392543795733053,False,False,False,20000.0
2,256,3000,,0.1,0.0,0.0,1,0,0.45,1.0,128,512,auto,8.0,stationary,20000,0.003153664983015005,768000,0.6436305046081543,48f01b6c94c3d3fe,binned_cv,binned_km,Binned Kramers-Moyal,0.99975,0.8831770973245484,0.3258194507942696,0.3689174592290611,0.992974915449825,0.9127940538372807,0.28999289601725253,0.22804432021769994,0.0,6.261813889180557e-17,14.0,8.0,ok,2.9471218585968018,,,False,False,20000.0
2,256,3000,,0.1,0.0,0.0,1,1,0.45,1.0,128,512,auto,8.0,stationary,20000,0.0023605157607360875,768000,0.7258524894714355,3444bd06efbf1614,binned_cv,binned_km,Binned Kramers-Moyal,0.9998,0.7839894406204451,0.32674183630254944,0.416768159586394,0.969075369727028,0.8848484216377509,0.31331404783799394,0.27482722985978164,0.0,6.31453561134758e-17,11.0,8.0,ok,2.923463821411133,,,False,False,20000.0
2,256,3000,,0.1,0.0,0.0,1,1,0.45,1.0,128,512,auto,8.0,stationary,20000,0.0023605157607360875,768000,0.7258524894714355,3444bd06efbf1614,kernel_nw,kernel,"Kernel, Nadaraya-Watson",0.9999,0.7839894406204451,0.16987461514022847,0.21667972339753785,0.8449608060659987,0.9918689883850419,0.19323685124788947,0.09802867871921231,0.0,3.389491619332676e-17,,,ok,2.8423819541931152,0.06931954769581435,False,False,False,20000.0
