d,n_walkers,n_steps,dt,D,omega,obs_noise,substeps,seed,correlation_length,drift_scale,resolution,n_features,backend,burn_in_tau,measure,n_eval,dt_actual,n_transitions,sim_seconds,config_key,estimator_name,estimator,label,supported_fraction,rms_true,rmse,nrmse,scale_ratio,cosine,nrmse_grad,nrmse_rot,rms_rot_true,nrmse_perp,param_bins,param_min_count,status,fit_seconds,param_bandwidth,param_local_linear,use_support,scored_on_support
2,256,3000,,0.3,0.0,0.0,1,0,0.45,1.0,128,512,auto,8.0,stationary,20000,0.001051221661005,768000,0.9891247749328612,e9a91ec290dd6ab9,binned_cv,binned_km,Binned Kramers-Moyal,1.0,1.0503638445147698,0.4817296194539414,0.4586311895345971,1.0691866965913004,0.8697103431624351,0.3133529907318296,0.3348917305836879,0.0,7.241504990130092e-17,9.0,8.0,ok,4.239784479141235,,,False,False
2,256,3000,,0.3,0.0,0.0,1,0,0.45,1.0,128,512,auto,8.0,stationary,20000,0.001051221661005,768000,0.9891247749328612,e9a91ec290dd6ab9,kernel_nw,kernel,"Kernel, Nadaraya-Watson",1.0,1.0503638445147698,0.2705212744262849,0.2575500630938567,0.9547420646912078,0.9716683905786284,0.2054942707681652,0.1552550794051827,0.0,4.034732822344963e-17,,,ok,4.460341691970825,0.1015291500350429,False,False,False
2,256,3000,,0.3,0.0,0.0,1,0,0.45,1.0,128,512,auto,8.0,stationary,20000,0.001051221661005,768000,0.9891247749328612,e9a91ec290dd6ab9,kernel_ll,kernel,"Kernel, local-linear",1.0,1.0503638445147698,0.2128985461890237,0.2026902842294378,0.9733942653337834,0.977348899131368,0.1568186601953149,0.1284182975107388,0.0,3.1716413212817407e-17,,,ok,14.713202953338625,0.1244758210598905,True,False,False
2,256,3000,,0.3,0.0,0.0,1,1,0.45,1.0,128,512,auto,8.0,stationary,20000,0.000786838586912,768000,0.9068434238433838,b9b9dcd0591be972,binned_cv,binned_km,Binned Kramers-Moyal,1.0,0.9574818499722884,0.4649363739881061,0.4855824410682692,1.0026220483138395,0.828455325454432,0.358402570514751,0.3276246396750983,0.0,7.596259837890659e-17,7.0,8.0,ok,5.093666076660156,,,False,False
2,256,3000,,0.3,0.0,0.0,1,1,0.45,1.0,128,512,auto,8.0,stationary,20000,0.000786838586912,768000,0.9068434238433838,b9b9dcd0591be972,kernel_nw,kernel,"Kernel, Nadaraya-Watson",1.0,0.9574818499722884,0.279624991551602,0.2920420805466912,0.880988360188122,0.9461395784459862,0.2210692612191139,0.1908322785958268,0.0,4.566887063985232e-17,,,ok,3.809739589691162,0.1188300143781281,False,False,False
2,256,3000,,0.3,0.0,0.0,1,1,0.45,1.0,128,512,auto,8.0,stationary,20000,0.000786838586912,768000,0.9068434238433838,b9b9dcd0591be972,kernel_ll,kernel,"Kernel, local-linear",1.0,0.9574818499722884,0.2490255756091322,0.2600838601967645,0.9042388634063844,0.9517525817456588,0.1977208436613327,0.16896769607443,0.0,4.0590392655659976e-17,,,ok,14.04025149345398,0.1436461839770718,True,False,False
2,256,3000,,0.3,0.0,0.001,1,0,0.45,1.0,128,512,auto,8.0,stationary,20000,0.001051221661005,768000,1.0000567436218262,9cc613ec4322bf40,binned_cv,binned_km,Binned Kramers-Moyal,1.0,1.0503638445147698,0.4800320054097049,0.4570149743029877,1.0694884990852072,0.8715024033379547,0.3097833960857711,0.3360013902452291,0.0,7.180148512409686e-17,9.0,8.0,ok,3.638495922088623,,,False,False
2,256,3000,,0.3,0.0,0.001,1,0,0.45,1.0,128,512,auto,8.0,stationary,20000,0.001051221661005,768000,1.0000567436218262,9cc613ec4322bf40,kernel_nw,kernel,"Kernel, Nadaraya-Watson",1.0,1.0503638445147698,0.2704325365568474,0.2574655801121729,0.9583080547206384,0.9716633755901374,0.2047308509914558,0.1561211183498633,0.0,4.06676526393642e-17,,,ok,4.081654071807861,0.1012073518193664,False,False,False
2,256,3000,,0.3,0.0,0.001,1,0,0.45,1.0,128,512,auto,8.0,stationary,20000,0.001051221661005,768000,1.0000567436218262,9cc613ec4322bf40,kernel_ll,kernel,"Kernel, local-linear",1.0,1.0503638445147698,0.212807283314028,0.2026033973135635,0.9767455116202493,0.9774022246842422,0.1561340142109217,0.1291135399924476,0.0,3.2063286313102226e-17,,,ok,12.838094234466553,0.1241428803272399,True,False,False
2,256,3000,,0.3,0.0,0.001,1,1,0.45,1.0,128,512,auto,8.0,stationary,20000,0.000786838586912,768000,0.9000070095062256,63decd9333669dbb,binned_cv,binned_km,Binned Kramers-Moyal,1.0,0.9574818499722884,0.4648178124406941,0.4854586146506556,1.0072738869790294,0.8310924305548197,0.3569273856820237,0.3290484886589355,0.0,7.61082480068152e-17,7.0,8.0,ok,4.036488056182861,,,False,False
2,256,3000,,0.3,0.0,0.001,1,1,0.45,1.0,128,512,auto,8.0,stationary,20000,0.000786838586912,768000,0.9000070095062256,63decd9333669dbb,kernel_nw,kernel,"Kernel, Nadaraya-Watson",1.0,0.9574818499722884,0.2782625330090529,0.2906191203698601,0.8857332157663007,0.9461407470663148,0.2182877532812236,0.1918591407569286,0.0,4.5292104765455317e-17,,,ok,3.8655459880828857,0.1184531531023979,False,False,False
2,256,3000,,0.3,0.0,0.001,1,1,0.45,1.0,128,512,auto,8.0,stationary,20000,0.000786838586912,768000,0.9000070095062256,63decd9333669dbb,kernel_ll,kernel,"Kernel, local-linear",1.0,0.9574818499722884,0.2475620173019626,0.2585553107968862,0.9087059708953054,0.9518563976502696,0.195046797046208,0.1697280050648383,0.0,4.033908984593214e-17,,,ok,12.457798719406128,0.1433703767103613,True,False,False
2,256,3000,,0.3,0.0,0.002,1,0,0.45,1.0,128,512,auto,8.0,stationary,20000,0.001051221661005,768000,0.715083122253418,eaef68fa47ea4fdd,binned_cv,binned_km,Binned Kramers-Moyal,1.0,1.0503638445147698,0.4829741209931965,0.4598160185305246,1.0806780516318806,0.8702575278734895,0.3127202008616843,0.337100647982604,0.0,7.310700838908045e-17,9.0,8.0,ok,2.7685234546661377,,,False,False
2,256,3000,,0.3,0.0,0.002,1,0,0.45,1.0,128,512,auto,8.0,stationary,20000,0.001051221661005,768000,0.715083122253418,eaef68fa47ea4fdd,kernel_nw,kernel,"Kernel, Nadaraya-Watson",1.0,1.0503638445147698,0.2691396303528964,0.2562346674044451,0.9677572788400108,0.9715413064667492,0.202055324103472,0.1575749053031843,0.0,4.0710484974594505e-17,,,ok,3.3035330772399902,0.1008392436533078,False,False,False
2,256,3000,,0.3,0.0,0.002,1,0,0.45,1.0,128,512,auto,8.0,stationary,20000,0.001051221661005,768000,0.715083122253418,eaef68fa47ea4fdd,kernel_ll,kernel,"Kernel, local-linear",1.0,1.0503638445147698,0.2119680146006615,0.2018043706546117,0.986003590904816,0.977382091553548,0.1542182109454389,0.1301604679927512,0.0,3.1725642896635216e-17,,,ok,10.53200387954712,0.1237562781117464,True,False,False
2,256,3000,,0.3,0.0,0.002,1,1,0.45,1.0,128,512,auto,8.0,stationary,20000,0.000786838586912,768000,0.6620845794677734,675897f30073a770,binned_cv,binned_km,Binned Kramers-Moyal,1.0,0.9574818499722884,0.4674953374368022,0.4882550384117804,1.0154311491397752,0.8308812068266769,0.3569518180691866,0.3331341803411825,0.0,7.642007518732915e-17,7.0,8.0,ok,2.694996118545532,,,False,False
2,256,3000,,0.3,0.0,0.002,1,1,0.45,1.0,128,512,auto,8.0,stationary,20000,0.000786838586912,768000,0.6620845794677734,675897f30073a770,kernel_nw,kernel,"Kernel, Nadaraya-Watson",1.0,0.9574818499722884,0.2752577956445871,0.2874809539758415,0.897521352976008,0.9461243416377428,0.2122500133004365,0.1938948961494975,0.0,4.505687830695634e-17,,,ok,2.799890279769897,0.1178513562802717,False,False,False
2,256,3000,,0.3,0.0,0.002,1,1,0.45,1.0,128,512,auto,8.0,stationary,20000,0.000786838586912,768000,0.6620845794677734,675897f30073a770,kernel_ll,kernel,"Kernel, local-linear",1.0,0.9574818499722884,0.2446258037605021,0.2554887111098577,0.9202711813773472,0.9519770012846018,0.1896412622299591,0.1712036014936725,0.0,4.008443490917317e-17,,,ok,9.620152473449709,0.1428303446895014,True,False,False
2,256,3000,,0.3,0.0,0.005,1,0,0.45,1.0,128,512,auto,8.0,stationary,20000,0.001051221661005,768000,0.6319923400878906,2f1dfb5143dda0ee,binned_cv,binned_km,Binned Kramers-Moyal,1.0,1.0503638445147698,0.5012739556393628,0.4772383953018997,1.1455871075502264,0.8761008238243202,0.3242760053809964,0.3501450532057769,0.0,7.593926387263355e-17,9.0,8.0,ok,2.6711483001708984,,,False,False
2,256,3000,,0.3,0.0,0.005,1,0,0.45,1.0,128,512,auto,8.0,stationary,20000,0.001051221661005,768000,0.6319923400878906,2f1dfb5143dda0ee,kernel_nw,kernel,"Kernel, Nadaraya-Watson",1.0,1.0503638445147698,0.2728452837701234,0.2597626386275397,1.031281002154527,0.9720703463437668,0.1999816774348037,0.1657828613491271,0.0,4.1387060519939836e-17,,,ok,2.8837459087371826,0.0993716515095781,False,False,False
2,256,3000,,0.3,0.0,0.005,1,0,0.45,1.0,128,512,auto,8.0,stationary,20000,0.001051221661005,768000,0.6319923400878906,2f1dfb5143dda0ee,kernel_ll,kernel,"Kernel, local-linear",1.0,1.0503638445147698,0.2202930461630529,0.209730225686529,1.04983479433867,0.977822198999588,0.1591494294096939,0.1365951195507777,0.0,3.315913650065109e-17,,,ok,9.753748893737791,0.1219863642864438,True,False,False
2,256,3000,,0.3,0.0,0.005,1,1,0.45,1.0,128,512,auto,8.0,stationary,20000,0.000786838586912,768000,0.7111485004425049,3733034e908c9db5,binned_cv,binned_km,Binned Kramers-Moyal,1.0,0.9574818499722884,0.4904320679809621,0.5122103024669933,1.0969587472708573,0.8284684927228001,0.3670452953634163,0.3572634113716533,0.0,8.014877848794592e-17,7.0,8.0,ok,3.066086530685425,,,False,False
2,256,3000,,0.3,0.0,0.005,1,1,0.45,1.0,128,512,auto,8.0,stationary,20000,0.000786838586912,768000,0.7111485004425049,3733034e908c9db5,kernel_nw,kernel,"Kernel, Nadaraya-Watson",1.0,0.9574818499722884,0.2626579153557679,0.2743215606263135,0.9786976785544086,0.947155608636933,0.1825707468388712,0.2047443308693868,0.0,4.280902609019375e-17,,,ok,3.073292016983032,0.1152445671350873,False,False,False
2,256,3000,,0.3,0.0,0.005,1,1,0.45,1.0,128,512,auto,8.0,stationary,20000,0.000786838586912,768000,0.7111485004425049,3733034e908c9db5,kernel_ll,kernel,"Kernel, local-linear",1.0,0.9574818499722884,0.235040592875299,0.2454778572378177,1.0007047421317348,0.953417446121346,0.1675287321508392,0.1794254783970292,0.0,3.840704854783189e-17,,,ok,10.385822534561155,0.140676520270872,True,False,False
2,256,3000,,0.3,0.0,0.01,1,0,0.45,1.0,128,512,auto,8.0,stationary,20000,0.001051221661005,768000,0.6641526222229004,032e04115c08eafd,binned_cv,binned_km,Binned Kramers-Moyal,1.0,1.0503638445147698,0.657370338240435,0.6258501201020646,1.384916642039812,0.8786969640745548,0.4684724784392436,0.41499627682277,0.0,9.896805300744056e-17,9.0,8.0,ok,3.0499613285064697,,,False,False
2,256,3000,,0.3,0.0,0.01,1,0,0.45,1.0,128,512,auto,8.0,stationary,20000,0.001051221661005,768000,0.6641526222229004,032e04115c08eafd,kernel_nw,kernel,"Kernel, Nadaraya-Watson",1.0,1.0503638445147698,0.3908165478510911,0.3720773043474609,1.255938396906606,0.9740379616353404,0.3178512385236156,0.1934221046816435,0.0,5.821826138298385e-17,,,ok,3.0834670066833496,0.0959274737996529,False,False,False
2,256,3000,,0.3,0.0,0.01,1,0,0.45,1.0,128,512,auto,8.0,stationary,20000,0.001051221661005,768000,0.6641526222229004,032e04115c08eafd,kernel_ll,kernel,"Kernel, local-linear",1.0,1.0503638445147698,0.3666237975583787,0.3490445710531341,1.2768489711082636,0.9792914887658182,0.3106843147178953,0.1590829003065325,0.0,5.444047089628652e-17,,,ok,10.21814227104187,0.1174727464825933,True,False,False
2,256,3000,,0.3,0.0,0.01,1,1,0.45,1.0,128,512,auto,8.0,stationary,20000,0.000786838586912,768000,0.6760141849517822,619abfe843c8f74f,binned_cv,binned_km,Binned Kramers-Moyal,1.0,0.9574818499722884,0.6533888665139171,0.6824033965059783,1.3988064677968222,0.8295738962763728,0.5218469934680852,0.4397159435035482,0.0,1.0544116463752192e-16,7.0,8.0,ok,2.7124288082122803,,,False,False
2,256,3000,,0.3,0.0,0.01,1,1,0.45,1.0,128,512,auto,8.0,stationary,20000,0.000786838586912,768000,0.6760141849517822,619abfe843c8f74f,kernel_nw,kernel,"Kernel, Nadaraya-Watson",1.0,0.9574818499722884,0.3763508727234209,0.3930631925130626,1.264745227488146,0.9493602092883018,0.3100477955784304,0.2415968496597517,0.0,6.043973609813119e-17,,,ok,2.783963918685913,0.109567627990353,False,False,False
2,256,3000,,0.3,0.0,0.01,1,1,0.45,1.0,128,512,auto,8.0,stationary,20000,0.000786838586912,768000,0.6760141849517822,619abfe843c8f74f,kernel_ll,kernel,"Kernel, local-linear",1.0,0.9574818499722884,0.3708610691946238,0.3873296075589916,1.2889279518793664,0.9569771753571452,0.3260622962129049,0.2090636359584571,0.0,5.975600751278878e-17,,,ok,9.282052755355837,0.1346175668009075,True,False,False
2,256,3000,,0.3,0.0,0.02,1,0,0.45,1.0,128,512,auto,8.0,stationary,20000,0.001051221661005,768000,0.6553103923797607,7ccbac8b5cfe69d8,binned_cv,binned_km,Binned Kramers-Moyal,1.0,1.0503638445147698,1.5210879760099132,1.448153403178687,2.317759854698944,0.8869153470109782,1.2954469638381994,0.6472753996718893,0.0,2.243724638149965e-16,9.0,8.0,ok,2.6577308177948,,,False,False
2,256,3000,,0.3,0.0,0.02,1,0,0.45,1.0,128,512,auto,8.0,stationary,20000,0.001051221661005,768000,0.6553103923797607,7ccbac8b5cfe69d8,kernel_nw,kernel,"Kernel, Nadaraya-Watson",1.0,1.0503638445147698,1.2515871017007554,1.191574813086739,2.1474315182804644,0.9760468407402532,1.152170956134956,0.3038957436716717,0.0,1.8227364613017921e-16,,,ok,2.899939775466919,0.0900258734336648,False,False,False
2,256,3000,,0.3,0.0,0.02,1,0,0.45,1.0,128,512,auto,8.0,stationary,20000,0.001051221661005,768000,0.6553103923797607,7ccbac8b5cfe69d8,kernel_ll,kernel,"Kernel, local-linear",1.0,1.0503638445147698,1.263786962424994,1.2031897032868817,2.176691377383226,0.9812104323524158,1.1774105774333954,0.2477292761131232,0.0,1.819561894196272e-16,,,ok,9.46786379814148,0.110097802748858,True,False,False
2,256,3000,,0.3,0.0,0.02,1,1,0.45,1.0,128,512,auto,8.0,stationary,20000,0.000786838586912,768000,0.6458697319030762,76917cbd3cea1d3f,binned_cv,binned_km,Binned Kramers-Moyal,1.0,0.9574818499722884,1.6477832659932077,1.720955092820713,2.562798917047095,0.8329511668572556,1.5429704018994852,0.7621868342917567,0.0,2.652780705532749e-16,7.0,8.0,ok,2.6602351665496826,,,False,False
2,256,3000,,0.3,0.0,0.02,1,1,0.45,1.0,128,512,auto,8.0,stationary,20000,0.000786838586912,768000,0.6458697319030762,76917cbd3cea1d3f,kernel_nw,kernel,"Kernel, Nadaraya-Watson",1.0,0.9574818499722884,1.3727008319742515,1.4336572876174942,2.387635943643269,0.9514755196470844,1.3804235120059805,0.3870454053981591,0.0,2.157797707148385e-16,,,ok,2.826860189437866,0.1029941556352878,False,False,False
2,256,3000,,0.3,0.0,0.02,1,1,0.45,1.0,128,512,auto,8.0,stationary,20000,0.000786838586912,768000,0.6458697319030762,76917cbd3cea1d3f,kernel_ll,kernel,"Kernel, local-linear",1.0,0.9574818499722884,1.4042533864757385,1.4666109718073304,2.4318545491982824,0.9608145851014134,1.42826882561473,0.3331604784525947,0.0,2.2170527698882742e-16,,,ok,9.847655773162842,0.1260244697341475,True,False,False
