omega,method,nrmse,nrmse_grad,nrmse_rot,rms_rot_true,rms_true,seconds
0.0,sfi,0.13855975878228824,0.08978590059180439,0.10553340138896558,0.0,1.0538671530087225,8.75660490989685
0.0,ll,0.17941834174997068,0.1438669055961558,0.1072065988197372,0.0,1.0538671530087225,10.391008138656616
0.0,amort,0.09103039980666379,0.0609595153703185,0.06760525996382943,0.0,1.0538671530087225,1.6673896312713623
0.0,kde,0.13035150219540736,0.10999890532710259,0.06994108200076984,0.0,1.0538671530087225,17.137757778167725
0.0,dsm,0.0719483230724517,0.0487144787542327,0.05294771716175586,0.0,1.0538671530087225,18.74421739578247
0.5,sfi,0.1747778162851195,0.1314401865803015,0.2891890985737827,0.5269335765043612,1.1782592966908376,5.104285478591919
0.5,ll,0.1766550188947025,0.14601306661320534,0.26599946619545894,0.5269335765043612,1.1782592966908376,11.432291030883789
0.5,amort,0.09087323430785547,0.06826911012423174,0.1504893284563197,0.5269335765043612,1.1782592966908376,1.3206675052642822
0.5,kde,0.46252543059478346,0.10999890532710259,1.0105690639643612,0.5269335765043612,1.1782592966908376,17.322364330291748
0.5,dsm,0.45575774909360944,0.0487144787542327,1.0144373945853833,0.5269335765043612,1.1782592966908376,17.22288703918457
1.0,sfi,0.12348081533360152,0.11249249227164818,0.13356819491711033,1.0538671530087225,1.490393220724457,5.577767610549927
1.0,ll,0.15922612416814746,0.14215218059846682,0.1746386978487915,1.0538671530087225,1.490393220724457,12.199055910110474
1.0,amort,0.08268019614281823,0.0771058585301177,0.08790174201210839,1.0538671530087225,1.490393220724457,1.3644318580627441
1.0,kde,0.7133838100008386,0.10999890532710259,1.002862483877757,1.0538671530087225,1.490393220724457,17.716024160385132
1.0,dsm,0.7120783852407844,0.0487144787542327,1.0058519538251884,1.0538671530087225,1.490393220724457,17.540305852890015
2.0,sfi,0.06464605924735257,0.09389113272799372,0.05495457232140778,2.107734306017445,2.3565185933816752,5.753313779830933
2.0,ll,0.11136419344313961,0.16326758278819262,0.09401278412629019,2.107734306017445,2.3565185933816752,12.35350775718689
2.0,amort,0.0925612735894283,0.10103075263283917,0.09031989518501314,2.107734306017445,2.3565185933816752,1.3566548824310303
2.0,kde,0.896512613113798,0.10999890532710259,1.000821483605779,2.107734306017445,2.3565185933816752,18.11520266532898
2.0,dsm,0.8970001054309363,0.0487144787542327,1.0025807754584237,2.107734306017445,2.3565185933816752,18.998544692993164
4.0,sfi,0.04415593856052196,0.12844407843881858,0.03225660415590567,4.21546861203489,4.345205587223932,6.0560643672943115
4.0,ll,0.07899778209450067,0.20030685128332004,0.06421069231367131,4.21546861203489,4.345205587223932,12.399227619171143
4.0,amort,0.35162094327736065,0.41768936285180003,0.3470743335306477,4.21546861203489,4.345205587223932,1.3479571342468262
4.0,kde,0.9707594704389264,0.10999890532710259,1.0002580098849352,4.21546861203489,4.345205587223932,18.575567722320557
4.0,dsm,0.9713821362985282,0.0487144787542327,1.0012037202100115,4.21546861203489,4.345205587223932,18.408493041992188
