N,source,method,nrmse,n_snapshots,n_transitions
16,walker positions,kde,1.0581256546183837,192000,192000
16,walker positions,dsm,0.30248306804652464,192000,192000
16,independent,kde,0.13247619435845362,192000,192000
16,independent,dsm,0.19430772511914535,192000,192000
16,increments,sfi,0.39249218335424846,0,192000
16,increments,ll,0.3582156873905935,0,192000
64,walker positions,kde,0.4112289822407996,500000,768000
64,walker positions,dsm,0.1643576023334297,500000,768000
64,independent,kde,0.13035150219540736,500000,768000
64,independent,dsm,0.0719483230724517,500000,768000
64,increments,sfi,0.17277878847542658,0,768000
64,increments,ll,0.23078838433834756,0,768000
256,walker positions,kde,0.19821305675947132,500000,3072000
256,walker positions,dsm,0.11311400436892426,500000,3072000
256,independent,kde,0.13035150219540736,500000,3072000
256,independent,dsm,0.0719483230724517,500000,3072000
256,increments,sfi,0.10707293641316117,0,3072000
256,increments,ll,0.14385408528728091,0,3072000
1024,walker positions,kde,0.13608959509240778,500000,12288000
1024,walker positions,dsm,0.07559237487993292,500000,12288000
1024,independent,kde,0.13035150219540736,500000,12288000
1024,independent,dsm,0.0719483230724517,500000,12288000
1024,increments,sfi,0.05325472999629121,0,12288000
1024,increments,ll,0.08844777551076066,0,12288000
