generator,rep,method,nrmse
Perlin fBm,0,amortised,0.8314666147318471
Perlin fBm,0,sfi,0.764494351122785
Perlin fBm,0,ll,0.6480612845850064
Perlin fBm,1,amortised,0.8214856504833912
Perlin fBm,1,sfi,0.7420940837685179
Perlin fBm,1,ll,0.6552213720931978
Perlin fBm,2,amortised,0.7853728860465158
Perlin fBm,2,sfi,0.702156853447413
Perlin fBm,2,ll,0.6368739027137824
Perlin fBm,3,amortised,0.8077017081851233
Perlin fBm,3,sfi,0.800821428242441
Perlin fBm,3,ll,0.6552676380491855
Perlin fBm,4,amortised,0.7874330333066147
Perlin fBm,4,sfi,0.7977431145411786
Perlin fBm,4,ll,0.6219372464580949
Perlin fBm,5,amortised,0.7986021459377033
Perlin fBm,5,sfi,0.7360413633491443
Perlin fBm,5,ll,0.6387136661353251
Perlin fBm,6,amortised,0.8256804250972742
Perlin fBm,6,sfi,0.7426129249039481
Perlin fBm,6,ll,0.6459440939042935
Perlin fBm,7,amortised,0.7826553459906318
Perlin fBm,7,sfi,0.7434780055327384
Perlin fBm,7,ll,0.6202242704026456
power-law GRF,0,amortised,0.7151651954752392
power-law GRF,0,sfi,0.7546368874977031
power-law GRF,0,ll,0.618163321391346
power-law GRF,1,amortised,0.7064180392625361
power-law GRF,1,sfi,0.7148503322511879
power-law GRF,1,ll,0.5801908436607968
power-law GRF,2,amortised,0.7436492323197426
power-law GRF,2,sfi,0.7377626711617392
power-law GRF,2,ll,0.6202549332409207
power-law GRF,3,amortised,0.6444011433227281
power-law GRF,3,sfi,0.6051045093518838
power-law GRF,3,ll,0.5499140152716775
power-law GRF,4,amortised,0.8072101056970044
power-law GRF,4,sfi,0.7714628062034079
power-law GRF,4,ll,0.6407235139344907
power-law GRF,5,amortised,0.7444934363082162
power-law GRF,5,sfi,0.7538565719053196
power-law GRF,5,ll,0.6485136936529735
power-law GRF,6,amortised,0.7372561796097294
power-law GRF,6,sfi,0.7208517294580468
power-law GRF,6,ll,0.6063230859528463
power-law GRF,7,amortised,0.6903788566584705
power-law GRF,7,sfi,0.6712845481927119
power-law GRF,7,ll,0.5794124178239554
band-pass GRF,0,amortised,0.7064304909315313
band-pass GRF,0,sfi,0.38588137422080915
band-pass GRF,0,ll,0.4392767644468493
band-pass GRF,1,amortised,0.7192628086301481
band-pass GRF,1,sfi,0.38575993692468763
band-pass GRF,1,ll,0.4329517039923562
band-pass GRF,2,amortised,0.723097538224771
band-pass GRF,2,sfi,0.34793927422683424
band-pass GRF,2,ll,0.44549727488760243
band-pass GRF,3,amortised,0.7068567316379188
band-pass GRF,3,sfi,0.35275601901629894
band-pass GRF,3,ll,0.4142181576634905
band-pass GRF,4,amortised,0.7515657571757566
band-pass GRF,4,sfi,0.3984512128031705
band-pass GRF,4,ll,0.4476357854692585
band-pass GRF,5,amortised,0.7629113283003108
band-pass GRF,5,sfi,0.41575724042989404
band-pass GRF,5,ll,0.4650382527420197
band-pass GRF,6,amortised,0.7686658014859842
band-pass GRF,6,sfi,0.3721981385330114
band-pass GRF,6,ll,0.45271665777470865
band-pass GRF,7,amortised,0.672287526118542
band-pass GRF,7,sfi,0.35054179477377595
band-pass GRF,7,ll,0.4008138980647281
sparse wells,0,amortised,0.7004949114385304
sparse wells,0,sfi,0.3577954468947483
sparse wells,0,ll,0.3861337353003693
sparse wells,1,amortised,0.6961571217112803
sparse wells,1,sfi,0.3597275056898998
sparse wells,1,ll,0.3630944240778294
sparse wells,2,amortised,0.7362868103549943
sparse wells,2,sfi,0.3542300004307345
sparse wells,2,ll,0.40937775074969834
sparse wells,3,amortised,0.674501035959878
sparse wells,3,sfi,0.3592601499775604
sparse wells,3,ll,0.39147065689712346
sparse wells,4,amortised,0.6918976272071055
sparse wells,4,sfi,0.36523120907034906
sparse wells,4,ll,0.39918995635952
sparse wells,5,amortised,0.6257145579690669
sparse wells,5,sfi,0.35093231710738276
sparse wells,5,ll,0.3627226307504671
sparse wells,6,amortised,0.6589137013592867
sparse wells,6,sfi,0.322993737202678
sparse wells,6,ll,0.35923329092134476
sparse wells,7,amortised,0.5882407825786731
sparse wells,7,sfi,0.284790239363442
sparse wells,7,ll,0.3052760006132625
egg carton,0,amortised,0.0919274099011433
egg carton,0,sfi,0.0943364565764126
egg carton,0,ll,0.20849588949850792
egg carton,1,amortised,0.14284878685242527
egg carton,1,sfi,0.15568122789884142
egg carton,1,ll,0.2854300337223819
egg carton,2,amortised,0.061115198111955656
egg carton,2,sfi,0.062218274399269365
egg carton,2,ll,0.1840807637982106
egg carton,3,amortised,0.22158956772602054
egg carton,3,sfi,0.17414467032211686
egg carton,3,ll,0.3052658581972588
egg carton,4,amortised,0.1584041943296286
egg carton,4,sfi,0.18245046537670837
egg carton,4,ll,0.2797605088533521
egg carton,5,amortised,0.16238834630026913
egg carton,5,sfi,0.17051038552826625
egg carton,5,ll,0.2992905470982838
egg carton,6,amortised,0.16307643584236575
egg carton,6,sfi,0.17535610865766527
egg carton,6,ll,0.2870937848053783
egg carton,7,amortised,0.0915400761050287
egg carton,7,sfi,0.0965467680431631
egg carton,7,ll,0.20327076761035393
terraces,0,amortised,0.7133168274635351
terraces,0,sfi,0.6207337370736573
terraces,0,ll,0.6076754842788477
terraces,1,amortised,0.7289916935153296
terraces,1,sfi,0.6609993762626242
terraces,1,ll,0.6026805842388961
terraces,2,amortised,0.7095470690532752
terraces,2,sfi,0.6024398157513603
terraces,2,ll,0.5890781097527867
terraces,3,amortised,0.6989212610342597
terraces,3,sfi,0.705793087626946
terraces,3,ll,0.6037153495390519
terraces,4,amortised,0.6402040032448996
terraces,4,sfi,0.5538008227053154
terraces,4,ll,0.4975718574790496
terraces,5,amortised,0.6308330817014848
terraces,5,sfi,0.5638404886292049
terraces,5,ll,0.5239528490920703
terraces,6,amortised,0.70527414170801
terraces,6,sfi,0.6176627337711235
terraces,6,ll,0.6006978666265023
terraces,7,amortised,0.6976442734000361
terraces,7,sfi,0.7098970628997568
terraces,7,ll,0.6323301014139393
