variant,rep,method,nrmse
in range,0,amortised,0.1221196081707405
in range,0,sfi,0.1700510067900403
in range,0,ll,0.2182204247354636
in range,1,amortised,0.1073460804489615
in range,1,sfi,0.1697132658324854
in range,1,ll,0.1982784187053448
in range,2,amortised,0.1148356299938738
in range,2,sfi,0.1454043757228417
in range,2,ll,0.1998829882936208
in range,3,amortised,0.0877839004627085
in range,3,sfi,0.168013698982838
in range,3,ll,0.1796085175109225
in range,4,amortised,0.1423568969961356
in range,4,sfi,0.1738887382894549
in range,4,ll,0.2291692600132818
in range,5,amortised,0.1135117509631721
in range,5,sfi,0.2122527712919285
in range,5,ll,0.2292351042019493
in range,6,amortised,0.1323902968884259
in range,6,sfi,0.1894914059342316
in range,6,ll,0.24768240263044
in range,7,amortised,0.1305672082681235
in range,7,sfi,0.1962484199477749
in range,7,ll,0.2305134279756129
correlation 0.2,0,amortised,0.5352555345599903
correlation 0.2,0,sfi,0.7220824329647828
correlation 0.2,0,ll,0.5778395978074944
correlation 0.2,1,amortised,0.52124775288
correlation 0.2,1,sfi,0.6426207052215442
correlation 0.2,1,ll,0.5411782276614724
correlation 0.2,2,amortised,0.5446202648821712
correlation 0.2,2,sfi,0.6197622968939238
correlation 0.2,2,ll,0.5768691492580926
correlation 0.2,3,amortised,0.4727102278656588
correlation 0.2,3,sfi,0.5796288934435246
correlation 0.2,3,ll,0.5030500327406517
correlation 0.2,4,amortised,0.5799351236378616
correlation 0.2,4,sfi,0.686997536589842
correlation 0.2,4,ll,0.5880325119339407
correlation 0.2,5,amortised,0.556935851077031
correlation 0.2,5,sfi,0.7016082378935969
correlation 0.2,5,ll,0.6309804755836441
correlation 0.2,6,amortised,0.5007581609484464
correlation 0.2,6,sfi,0.6722947157246172
correlation 0.2,6,ll,0.5553588749828849
correlation 0.2,7,amortised,0.5503065340535233
correlation 0.2,7,sfi,0.7170410064204816
correlation 0.2,7,ll,0.563265041481534
correlation 1.0,0,amortised,0.0553321356145618
correlation 1.0,0,sfi,0.0678888427614417
correlation 1.0,0,ll,0.1315691129674076
correlation 1.0,1,amortised,0.0472849402906957
correlation 1.0,1,sfi,0.0679174525914328
correlation 1.0,1,ll,0.1229767704658367
correlation 1.0,2,amortised,0.0476706025624854
correlation 1.0,2,sfi,0.0607358632624384
correlation 1.0,2,ll,0.1117419021205789
correlation 1.0,3,amortised,0.0549572625525499
correlation 1.0,3,sfi,0.0540341224334824
correlation 1.0,3,ll,0.1308562827109012
correlation 1.0,4,amortised,0.0608164971612739
correlation 1.0,4,sfi,0.0687164174983352
correlation 1.0,4,ll,0.14260525090253
correlation 1.0,5,amortised,0.0746770799354015
correlation 1.0,5,sfi,0.0933478269509186
correlation 1.0,5,ll,0.1397171689716221
correlation 1.0,6,amortised,0.0643971406307206
correlation 1.0,6,sfi,0.0847500521619848
correlation 1.0,6,ll,0.1012331881338313
correlation 1.0,7,amortised,0.0492607045175933
correlation 1.0,7,sfi,0.0772627586322412
correlation 1.0,7,ll,0.1278266265909325
rotation ω = 3,0,amortised,0.2442314447337225
rotation ω = 3,0,sfi,0.0777989989959952
rotation ω = 3,0,ll,0.1298491281111405
rotation ω = 3,1,amortised,0.16914477903038633
rotation ω = 3,1,sfi,0.07489856812971417
rotation ω = 3,1,ll,0.10113233755425965
rotation ω = 3,2,amortised,0.21579852633820307
rotation ω = 3,2,sfi,0.06029369047229647
rotation ω = 3,2,ll,0.09727603506223874
rotation ω = 3,3,amortised,0.16374482779148766
rotation ω = 3,3,sfi,0.0679549020927957
rotation ω = 3,3,ll,0.11126864488988225
rotation ω = 3,4,amortised,0.27137896339382034
rotation ω = 3,4,sfi,0.080475923339206
rotation ω = 3,4,ll,0.12397316124941053
rotation ω = 3,5,amortised,0.2544246813093846
rotation ω = 3,5,sfi,0.07071960026244213
rotation ω = 3,5,ll,0.11104951652891518
rotation ω = 3,6,amortised,0.2656106802204971
rotation ω = 3,6,sfi,0.06949303122584563
rotation ω = 3,6,ll,0.11934918144901495
rotation ω = 3,7,amortised,0.1956243506232884
rotation ω = 3,7,sfi,0.048765488349685526
rotation ω = 3,7,ll,0.07997184663059327
drift × 2,0,amortised,0.1713583976053427
drift × 2,0,sfi,0.06729448933302129
drift × 2,0,ll,0.12456631273120622
drift × 2,1,amortised,0.17455885026949955
drift × 2,1,sfi,0.08439888888432276
drift × 2,1,ll,0.10912714069735459
drift × 2,2,amortised,0.29929128797110055
drift × 2,2,sfi,0.15500844504183717
drift × 2,2,ll,0.18022018427792932
drift × 2,3,amortised,0.22570875214895733
drift × 2,3,sfi,0.09454762066051998
drift × 2,3,ll,0.12779183686795942
drift × 2,4,amortised,0.21810492772728013
drift × 2,4,sfi,0.09166068123995079
drift × 2,4,ll,0.13512604546845797
drift × 2,5,amortised,0.22313328358120896
drift × 2,5,sfi,0.10460510778438156
drift × 2,5,ll,0.13970980482160372
drift × 2,6,amortised,0.24455021453258532
drift × 2,6,sfi,0.1398332364363285
drift × 2,6,ll,0.19002534479234168
drift × 2,7,amortised,0.21554258309591035
drift × 2,7,sfi,0.10388508938605781
drift × 2,7,ll,0.1347431726156939
D = 0.02,0,amortised,0.050155890269590685
D = 0.02,0,sfi,0.022032733927027894
D = 0.02,0,ll,0.03146316338330137
D = 0.02,1,amortised,0.07804585157778303
D = 0.02,1,sfi,0.020951652305680035
D = 0.02,1,ll,0.03703490333325275
D = 0.02,2,amortised,0.08324066635174518
D = 0.02,2,sfi,0.027501893344403568
D = 0.02,2,ll,0.09799208226893161
D = 0.02,3,amortised,0.08927290668526651
D = 0.02,3,sfi,0.023235519112185316
D = 0.02,3,ll,0.049197304943446415
D = 0.02,4,amortised,0.09123151948025457
D = 0.02,4,sfi,0.03371718196605252
D = 0.02,4,ll,0.04428043057784575
D = 0.02,5,amortised,0.08235344920424256
D = 0.02,5,sfi,0.023641941739659143
D = 0.02,5,ll,0.04512655516687897
D = 0.02,6,amortised,0.08243307113420435
D = 0.02,6,sfi,0.03819050904871951
D = 0.02,6,ll,0.06102744482410011
D = 0.02,7,amortised,0.058203667586277305
D = 0.02,7,sfi,0.01906460920386491
D = 0.02,7,ll,0.04080157301358316
D = 3,0,amortised,0.7600447076867286
D = 3,0,sfi,1.1668597708574535
D = 3,0,ll,0.8623796412797311
D = 3,1,amortised,0.6473370299862541
D = 3,1,sfi,0.7113737226205775
D = 3,1,ll,0.8729896455102839
D = 3,2,amortised,0.582462087805177
D = 3,2,sfi,0.9900602041187093
D = 3,2,ll,0.7911894806442283
D = 3,3,amortised,0.49502148312691335
D = 3,3,sfi,1.062556873671473
D = 3,3,ll,0.6771904107209729
D = 3,4,amortised,0.4123678869171007
D = 3,4,sfi,1.1692746713362505
D = 3,4,ll,0.7343902207454438
D = 3,5,amortised,0.7036660803913991
D = 3,5,sfi,1.0437420378997546
D = 3,5,ll,0.8012909766395971
D = 3,6,amortised,0.6742191768179235
D = 3,6,sfi,1.2054067797158217
D = 3,6,ll,0.8603566494695672
D = 3,7,amortised,0.5465846429225425
D = 3,7,sfi,1.006261710724762
D = 3,7,ll,0.8702268652543428
