d,n_walkers,n_steps,dt,D,omega,obs_noise,substeps,seed,correlation_length,drift_scale,resolution,n_features,backend,burn_in_tau,measure,n_eval,dt_actual,n_transitions,sim_seconds,config_key,estimator_name,estimator,label,supported_fraction,rms_true,rmse,nrmse,scale_ratio,cosine,nrmse_grad,nrmse_rot,rms_rot_true,nrmse_perp,status,fit_seconds
2,512,1000,,0.3,0.0,0.0,1,0,0.45,1.0,128,512,auto,8.0,stationary,20000,0.0010512216610050018,512000,0.36232566833496094,2de7650c6befe062,zero,zero,Zero drift (null model),1.0,1.0503638445147698,1.0503638445147698,1.0,0.0,0.0,1.0,3.628265160884253e-17,0.0,1.4726284952749956e-16,ok,0.0180511474609375
2,512,1000,,0.3,0.0,0.0,1,0,0.45,1.0,128,512,auto,8.0,stationary,20000,0.0010512216610050018,512000,0.36232566833496094,2de7650c6befe062,oracle,oracle,Oracle (true field),1.0,1.0503638445147698,0.0,0.0,1.0,0.9999999999999999,0.0,0.0,0.0,0.0,ok,0.025796175003051758
2,512,1000,,0.3,0.0,0.0,1,0,0.45,1.0,128,512,auto,8.0,stationary,20000,0.0010512216610050018,512000,0.36232566833496094,2de7650c6befe062,binned_km,binned_km,Binned Kramers-Moyal,1.0,1.0503638445147698,0.6702711794639868,0.6381323795219055,1.2113483214053269,0.8190823748673394,0.4706666255550189,0.4309128234143664,0.0,9.953591186442662e-17,ok,0.08733177185058594
2,512,1000,,0.3,0.0,0.0,1,0,0.45,1.0,128,512,auto,8.0,stationary,20000,0.0010512216610050018,512000,0.36232566833496094,2de7650c6befe062,kernel,,,,,,,,,,,,,not_implemented,0.0
2,512,1000,,0.3,0.0,0.0,1,0,0.45,1.0,128,512,auto,8.0,stationary,20000,0.0010512216610050018,512000,0.36232566833496094,2de7650c6befe062,sfi,,,,,,,,,,,,,not_implemented,0.0
2,512,1000,,0.3,0.0,0.0,1,0,0.45,1.0,128,512,auto,8.0,stationary,20000,0.0010512216610050018,512000,0.36232566833496094,2de7650c6befe062,nn,,,,,,,,,,,,,not_implemented,0.0
2,512,1000,,0.3,0.0,0.0,1,0,0.45,1.0,128,512,auto,8.0,stationary,20000,0.0010512216610050018,512000,0.36232566833496094,2de7650c6befe062,kde_score,,,,,,,,,,,,,not_implemented,0.09067821502685547
2,512,1000,,0.3,0.0,0.0,1,0,0.45,1.0,128,512,auto,8.0,stationary,20000,0.0010512216610050018,512000,0.36232566833496094,2de7650c6befe062,dsm,,,,,,,,,,,,,not_implemented,0.0
2,512,1000,,0.3,0.5,0.0,1,0,0.45,1.0,128,512,auto,8.0,stationary,20000,0.0010512216610049998,512000,0.3934745788574219,9cdbeba57ae1e045,zero,zero,Zero drift (null model),1.0,1.1743424787215224,1.1743424787215224,1.0,0.0,0.0,1.0,0.9999999999999998,0.5251819222573849,1.4834331095625954e-16,ok,0.023834943771362305
2,512,1000,,0.3,0.5,0.0,1,0,0.45,1.0,128,512,auto,8.0,stationary,20000,0.0010512216610049998,512000,0.3934745788574219,9cdbeba57ae1e045,oracle,oracle,Oracle (true field),1.0,1.1743424787215224,0.0,0.0,1.0,0.9999999999999999,0.0,0.0,0.5251819222573849,0.0,ok,0.03133225440979004
2,512,1000,,0.3,0.5,0.0,1,0,0.45,1.0,128,512,auto,8.0,stationary,20000,0.0010512216610049998,512000,0.3934745788574219,9cdbeba57ae1e045,binned_km,binned_km,Binned Kramers-Moyal,1.0,1.1743424787215224,0.7188826257881781,0.6121575594973008,1.1796855614534183,0.8535816269743283,0.5019571238350792,0.9305055462345814,0.5251819222573849,9.587060945511299e-17,ok,0.08839964866638184
2,512,1000,,0.3,0.5,0.0,1,0,0.45,1.0,128,512,auto,8.0,stationary,20000,0.0010512216610049998,512000,0.3934745788574219,9cdbeba57ae1e045,kernel,,,,,,,,,,,,,not_implemented,0.0
2,512,1000,,0.3,0.5,0.0,1,0,0.45,1.0,128,512,auto,8.0,stationary,20000,0.0010512216610049998,512000,0.3934745788574219,9cdbeba57ae1e045,sfi,,,,,,,,,,,,,not_implemented,0.0
2,512,1000,,0.3,0.5,0.0,1,0,0.45,1.0,128,512,auto,8.0,stationary,20000,0.0010512216610049998,512000,0.3934745788574219,9cdbeba57ae1e045,nn,,,,,,,,,,,,,not_implemented,0.0
2,512,1000,,0.3,0.5,0.0,1,0,0.45,1.0,128,512,auto,8.0,stationary,20000,0.0010512216610049998,512000,0.3934745788574219,9cdbeba57ae1e045,kde_score,,,,,,,,,,,,,not_implemented,0.08563780784606934
2,512,1000,,0.3,0.5,0.0,1,0,0.45,1.0,128,512,auto,8.0,stationary,20000,0.0010512216610049998,512000,0.3934745788574219,9cdbeba57ae1e045,dsm,,,,,,,,,,,,,not_implemented,0.0
2,512,1000,,0.3,1.0,0.0,1,0,0.45,1.0,128,512,auto,8.0,stationary,20000,0.0010512216610050072,512000,0.4003620147705078,9d5e264e2672aaf3,zero,zero,Zero drift (null model),1.0,1.4854387943391323,1.4854387943391323,1.0,0.0,0.0,0.9999999999999998,0.9999999999999998,1.0503638445147698,1.5020048738807609e-16,ok,0.035477638244628906
2,512,1000,,0.3,1.0,0.0,1,0,0.45,1.0,128,512,auto,8.0,stationary,20000,0.0010512216610050072,512000,0.4003620147705078,9d5e264e2672aaf3,oracle,oracle,Oracle (true field),1.0,1.4854387943391323,0.0,0.0,1.0,0.9999999999999999,0.0,0.0,1.0503638445147698,0.0,ok,0.017348051071166992
2,512,1000,,0.3,1.0,0.0,1,0,0.45,1.0,128,512,auto,8.0,stationary,20000,0.0010512216610050072,512000,0.4003620147705078,9d5e264e2672aaf3,binned_km,binned_km,Binned Kramers-Moyal,1.0,1.4854387943391323,0.7142859234379662,0.4808585356461961,1.0903142457894328,0.8771387421512142,0.4729793370691329,0.4886106929992952,1.0503638445147698,7.581391698323487e-17,ok,0.10281658172607422
2,512,1000,,0.3,1.0,0.0,1,0,0.45,1.0,128,512,auto,8.0,stationary,20000,0.0010512216610050072,512000,0.4003620147705078,9d5e264e2672aaf3,kernel,,,,,,,,,,,,,not_implemented,0.0
2,512,1000,,0.3,1.0,0.0,1,0,0.45,1.0,128,512,auto,8.0,stationary,20000,0.0010512216610050072,512000,0.4003620147705078,9d5e264e2672aaf3,sfi,,,,,,,,,,,,,not_implemented,0.0
2,512,1000,,0.3,1.0,0.0,1,0,0.45,1.0,128,512,auto,8.0,stationary,20000,0.0010512216610050072,512000,0.4003620147705078,9d5e264e2672aaf3,nn,,,,,,,,,,,,,not_implemented,0.0
2,512,1000,,0.3,1.0,0.0,1,0,0.45,1.0,128,512,auto,8.0,stationary,20000,0.0010512216610050072,512000,0.4003620147705078,9d5e264e2672aaf3,kde_score,,,,,,,,,,,,,not_implemented,0.09311032295227051
2,512,1000,,0.3,1.0,0.0,1,0,0.45,1.0,128,512,auto,8.0,stationary,20000,0.0010512216610050072,512000,0.4003620147705078,9d5e264e2672aaf3,dsm,,,,,,,,,,,,,not_implemented,0.0
2,512,1000,,0.3,2.0,0.0,1,0,0.45,1.0,128,512,auto,8.0,stationary,20000,0.0010512216610050022,512000,0.3955042362213135,6cc85bb70da41fea,zero,zero,Zero drift (null model),1.0,2.348684957443045,2.348684957443045,1.0,0.0,0.0,1.0,1.0,2.1007276890295397,1.5346958990728136e-16,ok,0.026612520217895508
2,512,1000,,0.3,2.0,0.0,1,0,0.45,1.0,128,512,auto,8.0,stationary,20000,0.0010512216610050022,512000,0.3955042362213135,6cc85bb70da41fea,oracle,oracle,Oracle (true field),1.0,2.348684957443045,0.0,0.0,1.0,0.9999999999999999,0.0,0.0,2.1007276890295397,0.0,ok,0.03117203712463379
2,512,1000,,0.3,2.0,0.0,1,0,0.45,1.0,128,512,auto,8.0,stationary,20000,0.0010512216610050022,512000,0.3955042362213135,6cc85bb70da41fea,binned_km,binned_km,Binned Kramers-Moyal,1.0,2.348684957443045,0.8471848858836024,0.36070605519009735,1.0631058181591102,0.9235823232617785,0.5861987254729609,0.27699970465141477,2.1007276890295397,5.63659264647446e-17,ok,0.08129405975341797
2,512,1000,,0.3,2.0,0.0,1,0,0.45,1.0,128,512,auto,8.0,stationary,20000,0.0010512216610050022,512000,0.3955042362213135,6cc85bb70da41fea,kernel,,,,,,,,,,,,,not_implemented,0.0
2,512,1000,,0.3,2.0,0.0,1,0,0.45,1.0,128,512,auto,8.0,stationary,20000,0.0010512216610050022,512000,0.3955042362213135,6cc85bb70da41fea,sfi,,,,,,,,,,,,,not_implemented,0.0
2,512,1000,,0.3,2.0,0.0,1,0,0.45,1.0,128,512,auto,8.0,stationary,20000,0.0010512216610050022,512000,0.3955042362213135,6cc85bb70da41fea,nn,,,,,,,,,,,,,not_implemented,0.0
2,512,1000,,0.3,2.0,0.0,1,0,0.45,1.0,128,512,auto,8.0,stationary,20000,0.0010512216610050022,512000,0.3955042362213135,6cc85bb70da41fea,kde_score,,,,,,,,,,,,,not_implemented,0.09970879554748535
2,512,1000,,0.3,2.0,0.0,1,0,0.45,1.0,128,512,auto,8.0,stationary,20000,0.0010512216610050022,512000,0.3955042362213135,6cc85bb70da41fea,dsm,,,,,,,,,,,,,not_implemented,0.0
2,512,1000,,0.3,3.0,0.0,1,0,0.45,1.0,128,512,auto,8.0,stationary,20000,0.0010512216610050157,512000,0.394453763961792,dda5051aeae4185d,zero,zero,Zero drift (null model),1.0,3.3215421205576297,3.3215421205576297,1.0,0.0,0.0,1.0,1.0,3.1510915335443097,1.6403571812946533e-16,ok,0.022706031799316406
2,512,1000,,0.3,3.0,0.0,1,0,0.45,1.0,128,512,auto,8.0,stationary,20000,0.0010512216610050157,512000,0.394453763961792,dda5051aeae4185d,oracle,oracle,Oracle (true field),1.0,3.3215421205576297,0.0,0.0,1.0,0.9999999999999999,0.0,0.0,3.1510915335443097,0.0,ok,0.029231548309326172
2,512,1000,,0.3,3.0,0.0,1,0,0.45,1.0,128,512,auto,8.0,stationary,20000,0.0010512216610050157,512000,0.394453763961792,dda5051aeae4185d,binned_km,binned_km,Binned Kramers-Moyal,1.0,3.3215421205576297,0.9387892850545707,0.2826365739107244,1.0247822169624976,0.9421401123626741,0.6441590463225441,0.20653045300357417,3.1510915335443097,4.6446647506158275e-17,ok,0.0877373218536377
2,512,1000,,0.3,3.0,0.0,1,0,0.45,1.0,128,512,auto,8.0,stationary,20000,0.0010512216610050157,512000,0.394453763961792,dda5051aeae4185d,kernel,,,,,,,,,,,,,not_implemented,0.0
2,512,1000,,0.3,3.0,0.0,1,0,0.45,1.0,128,512,auto,8.0,stationary,20000,0.0010512216610050157,512000,0.394453763961792,dda5051aeae4185d,sfi,,,,,,,,,,,,,not_implemented,0.0
2,512,1000,,0.3,3.0,0.0,1,0,0.45,1.0,128,512,auto,8.0,stationary,20000,0.0010512216610050157,512000,0.394453763961792,dda5051aeae4185d,nn,,,,,,,,,,,,,not_implemented,0.0
2,512,1000,,0.3,3.0,0.0,1,0,0.45,1.0,128,512,auto,8.0,stationary,20000,0.0010512216610050157,512000,0.394453763961792,dda5051aeae4185d,kde_score,,,,,,,,,,,,,not_implemented,0.09161543846130371
2,512,1000,,0.3,3.0,0.0,1,0,0.45,1.0,128,512,auto,8.0,stationary,20000,0.0010512216610050157,512000,0.394453763961792,dda5051aeae4185d,dsm,,,,,,,,,,,,,not_implemented,0.0
